nom	année	notes	adresse	horaires	sexe
Helfer			Braisne (Nord)		
Helleu	1885		à St-Brice (Ille-et-Vilaine)		
Hénon	1880		Matigny (Somme)		
Henry	1882		Orgon (B.-du-Rhône)		
Henry			Giromagny (Ht-Rhin)		
Henry	1870		à Savigné-l'Evêque (Sarthe)		
Hérail	1873		à Arengosse (Landes)		
Herbaux	1873		à Annoeullin (Nord)		
Herbillon	1862		à Cormay (Marne)		
Hérent	1856		à Tourmignies (Nord)		
Hérin	1849		à Féchain (Nord)		
Hermelin	1852		Puyricard (B.-du-Rh.)		
Hernu	1872		Auchel (Pas-de-Calais)		
Hernu	1855		à Laventie (Pas-de-Calais)		
Hérout	1835		à Brix (Manche)		
Herpin	1890		Montrevault (M.-et-L.)		
Herrero	1867		à Vielmur (Tarn)		
Hervé			à Montfort (Sarthe)		
Heutte			Beaumetz-les-Loges (P.-de-C.)		
Heuze			Sautron (Loire-Inf.)		
Heuzé	1883		Gd-Fougeray (Ille-et-Vil.)		
Heuzel	1876		à Mézanger (Loire-Inf.)		
Hévin	1870		à Vermeilles (Pas-de-Calais)		
Hézaire			Villard-de-Lans (Isère)		
Hibon	1871		à Rebreuviette (Pas-de-Calais)		
Hilleock	1891		Lerm-et-Musset (Gir.)		
Hipeaux	1874		à Souché (Deux-Sèvres)		
Homes Douglas	1893		Nice (Alp.-M.)		
Hommey	1860		à Sées (Orne)		
Hornez	1878		à Crespin (Nord)		
Houel	1860		à Goderville (Seine-Inf.)		
Houriez	1888		Lallaing (Nord)		
Houssin	1873		à Dourges (Pas-de-Calais)		
Huart			Beaurevoir (Aisne)		
Hubert	1840		à Boos (Seine-Inf.)		
Huc	1890		St-Dier-d'Auv. (P.-de-D.)		
Hue	1857		à Ailly-sur-Somme (Somme)		
Huet	1861		Calv. 32, Nantes (L.-I.)		
Hugues			à Collombrières (Somme)		
Hurpin	1861		à Aumale (Seine-Inf.)		
Hurpin	1862		à Caule-Ste-Beuve (Seine-Inf.)		
Hurtrel	1890		Hangest (Somme)		
Hutin	1878		à Serain (Aisne)		
Huyon	1872		Martigny (Aisne)		
Imbert	1872		à Velaux (Bouches-du-Rhône)		
Iriart	1842		St-Etienne-de-B. (Bses-Pyr.)		
Issaly fils			Plénée (Côtes-du-Nord)		
Jacquemont	1879		à Wattrelos (Nord)		
Jairrin	1843		à Melay (Hte-Marne)		
Jamet	1873		à Montel-du-Gélat (Puy-de-Dôme)		
Jammes	1878		Lalinde (Dordogne)		
Jamyot	1845		à Mauron (Morbihan)		
Jandou	1892		Juvigny (Marne)		
Jarry			à Boiscommun (Loiret)		
Jaubert	1880		Aumale (Alger)		
Jauffret	1871		Tuans (Var)		
Jaulin			Monts (Indre-et-Loire)		
Jean	1884		Monteux (Vaucluse)		
Jeanniot	1859		à Bresle (Hte-Marne)		
Jeanpierre			Vermancourt (Meuse)		
Jenot	1854		à Dercy (Aisne)		
Jeunet			St-Georges 88, Lyon		
Joffroy			à Festieux (Aisne)		
Johnston			Taulé Penzé (Finistère)		
Joire			La Membrolle (Indre-et-Loire)		
Joire fils	1873		Ste-Radegonde (id.)		
Jolivel	1894		Châteaugiron (Ille-et-Vil.)		
Joly	1858		à Neufchâtel-en-Braye (S.-Inf.)		
Jorry	1856		à Bouilly (Aube)		
Joubert	1885		à St-Pierre (Ille-et-Vil.)		
Joucaviel	1849		à Castelnau (Tarn)		
Jouin	1879		Rochefort (Maine-et-Loire)		
Joveniau (Alb.)			Lille (Nord)		
Kaiser	1872		Monchy, Ressons (Oise)		
Klein	1888		Wahagnies (Nord)		
Korb	1891		Nantes (Loire-Infér.)		
Labedan	1877		Montbernard (Hte-Gar.)		
Labolle	1843		à Belmont (Gers)		
Laborde	1848		à Mugron (Landes)		
Laborde	1843		à Nay (Basses-Pyrénées)		
Labordère	1855		à St-Sardos (Tarn-et-Garonne)		
Lacau	1854		à Arbéost (Htes-Pyrénées)		
Lacaze	1839		à Villecomtal-sur-Farros (Gers)		
Lachambre			à Chénerailles (Creuse)		
Lacment	1881		Marchiennes (Nord)		
Lacombe	1879		à St-Privat (Ardèche)		
Ladrière			square Dutilleul, Lille (Nord)		
Lafage	1847		à Cardaillac (Lot)		
Lafage	1863		Aurignac (Hte-Garonne)		
Lafargue	1841		à Fourcès (Gers)		
Lafond	1865		St-Sébastien (Creuse)		
Lafont	1852		Miramont (Hte-Garonne)		
Lafosse	1859		à St-Maigrin (Charente-Inf.)		
Lafosse	1879		à Ry (Seine-Inf.)		
Lagahugère	1889		Puisséguin (Gironde)		
Lagarde	1869		à St-Maigrin (Charente-Inf.)		
Lagarde			à Bessac (Charente)		
