nom	année	notes	adresse	horaires	sexe
Pasquier	1855		à Guerbaville (Seine-Inférieure)		
Pasquereau	1873		à La Boissière (Loire-Inférieure)		
Pasquier			Guerbeville (Seine-Inf.)		
Passeron	1881		Roquesteron (A.-M.)		
Passilé	1877		Sarzeau (Morb.)		
Paterne			Nueil-sur-Passavant (Maine-et-Loire)		
Pâté	1858		Le Thour, Asfeld (Ardennes)		
Paton	1892		Mesnil-Esnard (Seine-Inf.)		
Pauchet	1889		Foucarmont (Seine-Inférieure)		
Paul	1884		à Amiens (Somme)		
Paul	1859		à Barjols (Var)		
Pau	1842		à Alençon (Orne)		
Paumier			à Neuillé-Pont-Pierre (Indre-et-Loire)		
Paumiers			à Neuillé-Pont-Pierre (Indre-et-Loire)		
Paux	1856		à Lille (Nord)		
Payan	1891		av. d'Arène 258, Marseille		
Payan			Chemin de Toulouse 234, Marseille)		
Pelissier	1857		à Allos (Basses-Alpes)		
Pelissier	1859		St-Rémy (B.-du-Rhône)		
Pelletier	1872		Coligny (Ain)		
Pelloux	1889		St-Bernard (Isère)		
Peloni	1873		Bou-Kanéfis (Oran)		
Pelucheneau	1868		Ste-Hélène (Gir.)		
Pénélet	1875		à Port-Brillet (Mayenne)		
Pennelier			Origny (Aisne)		
Pépin	1841		à Corseul (Côtes-du-Nord		
Perapied			à Rouen (Seine-Inférieure)		
Pérès	1856		à Manseucôme (Gers)		
Perret	1878		à Vernet-le-Var (Puy-de-D.)		
Peretti (P.)	1873		à Sartène (Corse)		
Peretti (A.)	1844		à Giuncheto (Corse)		
Périer	1862		à St-Clair-sur-Epte (Seine-et-Oise)		
Perigueault	1893		Lussac (Haute-V.)		
Perlier			Brest (Finistère)		
Pérochain	1882		Oudon (L.-Inf.)		
Perquis	1856		Corseul (Côtes-du-Nord)		
Perraud	1864		Aix (Bouches-du-Rh.)		
Perret	1866		Vernet-la-Var (Puy-de-D.)		
Perret			à Hartennes (Aisne)		
Péruin	1868		à Brassy (Nièvre)		
Pérus	1866		à Argelès (Hautes-Pyrénées		
Perrichot	1869		au Havre (Seine-Inférieure)		
Perrichon	1859		à Plénée-Sugon (Côtes-du-Nord)		
Perry	1850		à St-Maurice (Lot-et-Garonne)		
Personne	1852		St-Romain (Dordogne)		
Peteaux	1851		à Vaux-Andigny (Aisne)		
Pethiot			au Conquet (Finistère)		
Petilleau			à Loches (Indre-et-Loire)		
Pettier	1846		à Domagné (Ille-et-Vilaine)		
Petit	1860		Montreuil-aux-Lions (Aisne)		
Petit	1892		Ailly-le-Ht-Cl. (id.)		
Petit	1880		Bonneuil-Matour (Vienne)		
Petit	1893		Bédarides (Vaucluse)		
Petit	1893		Grano (Bouches-du-Rhône)		
Petit			Vern (Ille-et-Vilaine)		
Pétreto	1882		Sartène (Corse)		
Peyraube	1885		Montferrier (Hér.)		
Peyrot	1891		à Anzème (Creuse)		
Peyrou	1885		Saumejean (Lot-et-Gar.)		
Peyregat	1880		Esbareich (H.-Pyr.)		
Peytral			Alger (Algérie)		
Philippart	1843	✶ I ✽	Roubaix (Nord)		
Piasecki	1864		au Havre (Seine-Inf.)		
Piazza	1868		Coti Chiavari (Corse)		
Picarel	1879		Villeneuve-le-Corb. (Aude)		
Picherit	1894		St-Jean-de-Daye (Manche)		
Pichon	1877		à Angers (Maine-et-Loire)		
Picon			à Carmoules (Var)		
Pieglowski	1845		à Castres (Tarn)		
Pierre	1884		à Briouze (Orne)		
Pierre	1887		Condé Smendon (Constantine)		
Pierchon	1875		à Halluin (Nord)		
Piette			Soboncourt (Aisne)		
Pigeon	1892		St-Ouen-Rouerie (Ille-et-Vilaine)		
Pillouard	1892		Mainneville (Eure)		
Pindray (de)			à Mareuil-sur-Belle (Dordogne)		
Pinganaud			à Chauvigny (Vienne)		
Pinteaux	1861		à Wawrin (Nord)		
Piorry	1877		à St-Georges (Vienne)		
Piquand	1893		Evaux (Creuse)		
Piquand	1893		à Pontaumier (P.-de-D.)		
Pique-Lamotte	1854		à Lescar (Bas.-Pyr.)		
Pitois	1885		à Igornay (S -et-L.)		
Pitre	1873		Craponne (Rhône)		
Plaize	1845		à Naillat (Creuse)		
Planckaert			à Rumignies (Nord)		
Plancq (L.)			Gondecourt (Nord)		
Plantin	1882		Bourdeaux (Drôme)		
Plantin	1889		Bourdeaux (Drôme)		
Planty	1866		Montbenoit (Doubs)		
Platelle	1889		Rosult (Nord)		
Plissard	1868		à St-Benoit-d'Azy (Nièv.)		
Pluquet	1856		à Guerbigny (Somme)		
Pochelu	1861		à Aduldes (Basses-Pyr.)		
Pointin	1862		à Saleux (Somme)		
Poirey			à Boult (Hte-Saône)		
Poirier	1875		à St-Mars-la-Jaille (L.-I.)		
Pô (F.)	1851		à Sari-d'Orcino (Corse)		
Poli	1848		à Sollacara (Corse)		
Poise	1876		à Parpeville (Aisne)		
Poiteau			Billy-Montigny (Pas-de-Cal.)		
Pomayrol	1848		à Trouillas (Pyr. Or.		
