nom	année	notes	adresse	horaires	sexe
Bernard (E.)	1885		Forcalquier (B.-Alp.)		
Bernard	1881		Ambès (Gironde)		
Bernard	1854		Toulouse (Hte-Gar.)		
Bernard	1881		Plassac (Gironde)		
Bernard	1883		Roubaix (Nord)		
Bernard	1892		Tourcoing (Nord)		
Bernard (H.)	1881		Grenoble (Isère)		
Bernard	1885		Largicourt (Meuse)		
Bernard	1860		La Flèche (Sarthe)		
Bernard			Juvisy-sur-Orge (S.-et-Oise)		
Bernard	1884		Mustapha (Alger)		
Bernard			Corbelin (Isère)		
Bernard	1876		Dinard (Ille-et-Vilaine)		
Bernard			Voisey (Hte-Marne)		
Bernard	1868		Cherbourg (Manche)		
Bernard (N.)	1842		St-Lô (Manche)		
Bernard	1879		Salernes (Var)		
Bernard	1885		Serverette (Lozère)		
Bernard (C.)	1847		Vienne (Isère)		
Bernard	1891		Tlemcen (Oran)		
Bernard	1878		Toulon (Var)		
Bernardbeig	1894		Joinville, au Havre (Seine-Inférieure)		
Bernardeau	1887		Lye (Indre)		
Bernasconi	1882		Bourg (Ain)		
Bernauer	1878		Oran (Oran)		
Bernay (M.)	1854		République 7, Lyon		
Bernay (P.)			St-Dominique 3, Lyon		
Berne	1884		Bourg-la-Reine (Seine)		
Berne			Villeneuve-du-Marc (Isère)		
Berne	1854		St-Joseph 12, Lyon (Rh.)		
Bernède	1883		Montréjeau (Hte-Gar.)		
Bernède (L.-M.)	1876		Agen (Lot-et-Gar.)		
Berneuil	1879		Livry (Seine-et-Oise)		
Bernheim (H.)	1867		Nancy		
Bernier	1869		Trèbes, Capendu (Aude)		
Bernis	1895		Rivesaltes (Pyr.-Orient.)		
Berny (F.)	1878		Prats-de-Mollo (Pyr.-Or.)		
Berquet	1884		Calais (Pas-de-Calais)		
Berrier			Bourgoin (Isère)		
Berrué	1876		Briouzé-St-Gervais (Orne)		
Berruzier	1880		Raucourt (Ardennes)		
Bert (Paul)	1890		Avallon (Yonne)		
Bert	1887		à Aurillac (Cantal)		
Bert			Benassais (Vienne)		
Bert (Gasp.)	1858		Avallon (Yonne)		
Bertail	1873		Ancy-le-Franc (Yonne)		
Bertaud			Nancras (Charente-Inférieure)		
Bertaux	1890		rue André 16, Lille (Nord)		
Bertel	1880	M. H.	Le Havre (Seine-Inf.)		
Bertes	1890		Toury (Eure-et-Loir)		
Bertet	1880		Le Croisic (Loire-Infér.)		
Berthaud	1853		Sancerre (Cher)		
Berthaud			Grand-Croix (Loire)		
Berthaut	1883		à St-Pons (Hérault)		
Berthe	1868		Le Cannet (Alpes-Marit.)		
Bertheau			av. Gabrielle, Courbevoie (Seine)		
Berthélemy	1890		Braisne (Aisne)		
Berthelin			Troyes (Aube)		
Berthelier	1895		Villeneuve-la-Guyarde (Yonne)		
Berthelot	1864		La Chartre (Sarthe)		
Berthelot (M.-L.-M.)	1880		Pontarlier (Doubs)		
Berthelot	1864		Verdes (Loir-et-Cher.)		
Berthet	1883		Albertville (Savoie)		
Berthet (J.)	1878		Taninges (Hte-Savoie)		
Berthet			St-Joseph 6, Lyon (Rhône)		
Berthet (P.)	1891		St-Joseph 20, Lyon		
Bertheux	1881		Rennes (Ille-et-Vilaine)		
Berthier			Hospice de Bicêtre (Seine)		
Berthier (L.)	1844		Aix-les-Bains (Sav.)		
Berthier	1876		Trévoux (Ain)		
Berthier	1876		Regnié (Rhône)		
Berthillon	1892		Mais.-Laffitte (S.-et-O.)		
Berthiot	1876		Héricy (S.-et-M.)		
Berthollet	1864		Grenoble (Isère)		
Bertholon	1877		r. des Maltais 8, Tunis		
Bertholus	1888		Boën (Loire)		
Berthomier (C.-A.)	1874		à Vichy (All.)		
Berthomier (A.)	1875		Moulins (Allier)		
Berthomier	1895		Montceau-les-Mines (Saône-et-Loire)		
Bertier			Thoissey (Ain)		
Bertin (E.)	1858		Montpellier (Hérault)		
Bertin	1888		à Montpellier (Hérault)		
Bertin	1894		Guyotville (Algérie)		
Bertin (G.)	1864		Nantes (Loire-Inf.)		
Bertin	1884		Brionne (Eure)		
Bertin du Château	1878		Vernon (Eure)		
Berton			Lignac (Indre)		
Berton	1887		Triel (Seine-et-Oise)		
Bertoye	1888		Villeurbanne (Rhône)		
Bertrac (S.)	1883		Lautrec (Tarn)		
Bertrand-Desminières	1858		à Benassois (Vienne)		
Bertrand	1892		Bény-Bocage (Calvados)		
Bertrand			à Nogent-sur-Aube (Aube)		
Bertrand (F.)	1877		La Celle-Dunoise (Creuse)		
Bertrand	1894		Thiaucourt (M.-et-M.)		
Bertrand (G.)	1842		Lisle (Tarn)		
Bertrand			Luzy (Nièvre)		
Bertrand	1878		Mansle (Charente)		
Bertrand (Ed.)	1893		Toulon (Var)		
Bertrand (Marius)	1895		Toulon (Var)		
Bertrand	1868		Monthieu (Char.-Inf.)		
Bertrand	1891		La Bourboule (P.-de-D.)		
Bertrand	1889		Domène (Isère)		
Bertrand			Grenoble (Isère)		
Bertrand	1890		Lignières (Cher)		
Bertrand	1889		à Aix (Bches-du-Rhône)		
Bertrand	1874		Noirétable (Loire)		
Bertrand (C.)	1873		Roanne (Loire)		
Bertrand (J. G.)	1865		Sail-sous-Couzan (Loire)		
