nom	année	notes	adresse	horaires	sexe
Burck	1867		Tronchet 8, Lyon		
Burdel (A.-E.)	1842	✶	Vierzon (Cher)		
Bureau (L.)	1877		Gresset 15, Nantes		
Bureau (Ch.)	1856		Nantes (Loire-Inf.)		
Bureau	1889		bd. Delorme 12, Nantes		
Bureau (M.)	1893		Strasbourg 40, Nantes		
Bureau			Vermenton (Yonne)		
Burette	1878		Le Bugue (Dordogne)		
Burg (A.)	1867		Tronchet 8, Lyon (Rhône)		
Burg			à St-Pé (Htes-Pyrénées)		
Burgade	1861		St-Etienne-de-Lesse (Gironde)		
Burgat			Vaubecour 6, Lyon (Rhône)		
Burgé	1887		Donnery (Loiret)		
Burignac (de)	1870		Vichy (Allier)		
Burlot	1894		r. République 28, Marseille		
Burnet (J.)	1891		à Vernon (Eure)		
Bursaux	1882		Dormans (Marne)		
Burtin	1878		à Belley (Ain)		
Busacca			Maltais 41, Tunis (Tunisie)		
Buscail	1877		à La Bastide-Sérou (Ariège)		
Busnot-Lalande	1856		St-Pierre-d'Entremont (Orne)		
Busquet (J.-P.)	1849		Cadillac (Gir.)		
Busquet (J.-B.-A.)	1881		St-Aigulin, (Char.-Inf.)		
Bussière	1894		Clagnat (Creuse)		
Bussière	1892		à Vichy (Allier)		
Busson	1894		Montmirail (Sarthe)		
Bussy	1880		Lubersac (Corrèze)		
Butaud	1868		Bourganeuf (Creuse)		
Butel	1883		à Regmalard (Orne)		
Butin	1893		Wasquehal (Nord)		
Butruille (H.)	1878		Roubaix (Nord)		
Bütterlin (J.)	1872	✪ I Ⓞ A	Baume-les-Dames (Doubs)		
Buvelot			Condé-en-Barrois (Meuse)		
Buy	1864		St-Bonnet-le-Ch. (Puy-de-D.)		
Buzy-Lazaux	1880		Nay (Bses-Pyr)		
Byasson (L.)	1874		Guéret (Creuse)		
Byl			à Bouchain (Nord)		
Caar	1890		Boulogne-s.-Mer (P.-de-Cal.)		
Cabanes	1855		Mustapha (Alger)		
Cabanes	1894		à Cavaillon (Vaucluse)		
Cabannes	1895		Sauveterre (Bas.-Pyr.)		
Cabantous	1866		Marcillac (Aveyron)		
Cabarrou	1873		Tourny (Eure)		
Cabasse	1876		Vaucouleurs (Meuse)		
Cabaud	1851		Relizane (Oran)		
Cabiran	1879		Seissan (Gers)		
Cabot (P.-H.)	1866		Carmaux (Tarn)		
Cacarrié	1887		à Roanne (Loire)		
Cachau	1893		Caudéran (Gironde)		
Cachet	1871		Domfront (Orne)		
Cade (E.)	1846		Avignon (Vaucluse)		
Cadéac			Boulogne-s.-Gesse (Hte-Gar.)		
Cadeau (E. C.)	1874		Tourcoing (Nord)		
Cadeillan	1880		Condom (Gers)		
Cadenaule	1885		St-Ciers-la-Lande (Gir.)		
Cadène			Toulouse (Hte-Garonne)		
Cadet			à Argenteuil (Seine-et-Oise)		
Cadet			Rilly-St-Syre (Aube)		
Cadet de Gassicourt	1856	✶	Sèvres		
Cadet-Naudet			à Voulaine (Côte-d'Or)		
Cadiergues			à la Chapelle-Marival (Lot)		
Cadilhac	1850		Puisserguier (Hérault)		
Cadilhac	1895		St-Valérien (Yonne)		
Cadilhon			Ygos-et-Saturnin (Landes)		
Cadillac	1894		Cette (Hérault)		
Cadiot	1879		Vandeléville (M.-et-Mos.)		
Cadot (Léon)	1872		St-Nazaire (L.-Inf.)		
Cadot	1893		St-Sorlin (Saône-et-Loire)		
Cady (M.-T.)	1864		Torfou (M.-et-L.)		
Caffeau	1867		Aniches (Nord)		
Cagnard	1860		Castillon (Gironde)		
Cagniat	1875		Noisy-le-Sec (Seine)		
Cagny	1891		Abbeville (Somme)		
Cagnoli	1871		St-Martin-Lantosque (Alpes-Maritimes)		
Cahen	1892		Vichy (Allier)		
Caillat (A.)	1873		St-Jean-de-Bournay (Isère)		
Caillard	1869		St-Ouen-Thiberville (Eure)		
Caillard	1892		Ste-Marie (Char.-lnf.)		
Caillard	1892		Cancale (Ille-et-Vilaine)		
Caillaud (L.)	1866		St-Vaury (Creuse)		
Caillaud	1895		St-Germ-du-Mont (Ard.)		
Cailleau			Cadilhac (Gironde)		
Caillens	1891		à Couiza (Aude)		
Cailleret (A.)	1893		Poissy (Seine-et-O.)		
Cailleret	1883		St-Quentin (Aisne)		
Caillet			Amboise (Indre-etLoire)		
Caillet	1856		Luynes (Indre-et-Loire)		
Caillet	1876		Mortagne (Orne)		
Caillet	1884		Tagnon (Ardennes)		
Cailteau	1869		St-Philibert (Loire-Inf.)		
Cailleux (A.)	1866	✪	Morl-ère 18 Amiens		
Caillol	1889		Bizenet (Aude)		
Caillot	1895		Chessy-les-Mines (Rhône)		
Caire	1873		Nanterre (Seine)		
Caix (E.)	1883		Prémery (Nièvre)		
Calamy (L.)	1890		à Montreuil (Seine)		
Calary	1843		St-Angel (Corrèze)		
Calary	1873		Neuvic (Corrèze)		
Calas	1889		Cravant (Yonne)		
Calbet	1893		Chatou (Seine-et-Oise)		
Calbris	1862		Vire (Calvados)		
Calbris	1848		Vassy (Calvados)		
Calbris			Rouen (Seine-Inf.)		
Calès		Dr des aliénés	Château-Pivon		
Callais	1892		Vetheuil (Seine-et-Oise)		
Callais	1896		Magny-en-Vexin (S.-et-O.)		
Callamand	1887	✪	av. Benoit-Levy 16, St-Mandé (Seine)		
Callé (J.-F.)	1868		St-Céré (Lot)		
Callegary			La Haye-du-Puy (Manche)		
