nom	année	notes	adresse	horaires	sexe
Chevais	1897		Saffré (Loire-Inférieure)		
Chevalier			Macau (Gironde)		
Chevalier			Nantes (Loire-Inférieure)		
Chevalier	1890		à Alger		
Chevalier (Paul)			à Sains du Nord		
Chevalier	1870		Beaufort-en-Vallée (M.-et-Loire)		
Chevalier	1869		à Marsanne (Drôme)		
Chevalier	1882		Palais-Gallien 114, Bordeaux (Gironde)		
Chevalier	1890		Berrouaghia (Alger)		
Chevalier (P.-E.)	1867		Compiègne		
Chevalier (G.)	1877		La Clayette (S.-et-Loire)		
Chevalier (A.)	1848		La Motte-Beuvron (Loir-et-Cher)		
Chevalier	1875		Laval (Mayenne)		
Chevalier	1886		Ernée (Mayenne)		
Chevalier (H.)	1863	O ✶, ✶	pl. St-Michel 3, Marseille (Bouches-du-Rh.)		
Chevalier (H.)	1873		Pont-de-Beauvoisin (Isère)		
Chevalier	1848		Provins (S.-et-Marne)		
Chevalier	1886		St-Alban (Lozère)		
Chevalier-Lavaur			Auch (Gers)		
Chevalier	1882		Roanne (Loire)		
Chevalier	1866		Bagnols-les-Bains (Loz.)		
Chevalier	1878		Alfortville (Seine)		
Chevalier	1898		à la Tremblade (Charente-Infér.)		
Chevallay (F.)	1882		St-Genix (Savoie)		
Chevallet	1889		St-Etienne (Loire)		
Chevallier (J.-J.-P.)	1858		Alais (Gard)		
Chevallier (L.-E.)	1883	✶	St-Aignan (Char.-Inf.)		
Chevallier	1891		Poissonnerie 2, Nantes		
Chevallier	1842		Baugé (Maine-et-Loire)		
Chevallier (J.)	1877		Plouër (C.-du-N.)		
Chevallier	1888		Marolles (Sarthe)		
Chevallier	1872	✶	Segré (M.-et-Loire)		
Chevallier	1884		au Mans (Sarthe)		
Chevalier	1890		Argœuves (Somme)		
Chevalier (F. E.)			Compiègne (Oise)		
Chevalot	1894		Jœuf (Meurthe-et-Mos.)		
Chevelu	1874	✶	Sathenay (Ain)		
Chevereau	1896		Auxerre (Yonne)		
Chevillon (fils)	1868		Bayonne (B -Pyr.)		
Chevillot	1894		Pont-l'Evêque		
Chevillot	1889		à Orléans		
Chevreau	1894		Vitry-sur-Seine (Seine)		
Chevrier		méd. auxiliaire, marine	Pondichéry (Asie)		
Chevrier	1868		St-Gilles-s.-Vie (Vendée)		
Chevrier	1890		Reims (Marne)		
Chevrollis			à Donnemarie (S.-et-Marne)		
Chevrot (C.-E.)	1881		Bletterans (Jura)		
Chevy	1885	✶	Reims (Marne)		
Cheynet	1897		à Beaurepaire (Isère)		
Cheyron-Lagroze	1881		St-Claud (Char.)		
Cheyrou	1879		Chalus (Haute-Vienne)		
Chiais	1877		Menton (Alp.-Mar.)		
Chibrac	1879		Fay-aux-Loges (Loiret)		
Chibrac	1879		à Pontoux (Landes)		
Chilbret	1868		Clermont-Ferrand		
Chiloup			Combourg (Ille-et-Vilaine)		
Chini	1896		à Nice		
Chinsky	1896		à Viroflay (S.-et-Oise)		
Chiron	1878		à Chambéry (Savoie)		
Chiron			à Poitiers (Vienne)		
Chivoré			Angres (Pas-de-Calais)		
Chobaut	1889		à Avignon (Vaucluse)		
Chochon dit Latouche	1886		à Autun (Saône-et-Loire)		
Chocquet			Armentière (Nord)		
Chocus (L.-E.)	1847		Attichy (Oise)		
Chodorowski	1882		Bayeux (Calvados)		
Choffé			rue des Arts, Levallois (Seine)		
Chognon			à St-Jean-des-Ollières (Puy-de-Dôme)		
Choiseau	1881		Londinières (Sne-Inf.)		
Choisnet	1893		à La Flèche (Sarthe)		
Chollet	1884		à Chevannes (Yonne)		
Chollet	1879		à Mesterrieux (Gironde)		
Chollet	1884		Auxerre (Yonne)		
Chollet (F.)	1874		St-Meen (Ille-et-Vil.)		
Cholet	1895		Burie (Ch.-Inf.)		
Cholous (H.)	1861		Etaules (Char.-Inf.)		
Cholous	1898		Vernantes (Maine-et-L.)		
Chompré	1861		Eclaron (Hte-Marne)		
Chonnaux		O ✶, +	Villers-Bocage (Cal.)		
Chont (Alfr.)			Etain (Meuse)		
Chopart (Em.)	1889		Vichy (Allier)		
Chopinet	1875		Crépy-en-Valois (Oise)		
Choppin	1890		à Boulogne (Seine)		
Chopy	1875		Nemours (S.-et-Marne)		
Choquart (E.)	1880		Pleurs (Marne)		
Choquet	1888		Signy-le-Petit (Ardennes)		
Chotard	1878	✶	Creully (Calvados)		
Choteau	1889		faub. Roubaix 133, Lille		
Chotin (L.-D.)	1884		boul. de la Liberté 91, Lille		
Chotier	1884		Noyers (Yonne)		
Chouet	1899		Maintenon (Eure-et-Loir)		
Choupin	1893		St-Etienne (Loire)		
Chouvet	1865		Brassac-les-Mines (Puy-de-Dôme)		
Choyau	1869	✶	Luçon (Vendée)		
Choyau	1897		La Roche-s.-Yon (Vendée)		
Chrétien	1873	✶ I	Nancy (M.-et-Mos.)		
Chrétien	1888		Poitiers (Vienne)		
Chrétien (J.-F.)	1857	✶ I	Rosières-aux-Salines (Meurthe-et-Moselle)		
Christen	1893		Jouvencel 2, Versailles		
Christiaens			faub. Roubaix 213, Lille		
Christian		✶	St-Maurice (Seine)		
Christin	1880		Font-le-Comte (Vend.)		
Christin	1886		à Vaucresson (S.-et-O.)		
Chuffart (Ch.)			à Marquette (Nord)		
Chumbard			à Beauregard, Bourges (Cher)		
Chuquet	1879		R. Hermann 3, Cannes (Alpes-Maritimes)		
