nom	année	notes	adresse	horaires	sexe
Camelot	1893		Tenremonde 12, Lille		
Camiade	1899		à Dax (Landes)		
Cami-Debat	1843		Pau (Basses-Pyr.)		
Camin (A )	1850		St-Lys (Hte-Garonne)		
Camino	1876		Hendaye (Bses-Pyrénées)		
Camo	1873		Céret (Pyrénées-Orientales)		
Camoin	1886		Arcades 11, Marseille		
Camou	1883		Cours d'Albret 95, Bordeaux		
Camous			Opéra 2, à Nice		
Campaignac			à Toulouse		
Campagne	1890		à l'Isle (Vaucluse)		
Campaniolo			à Tunis		
Camparan	1888		St-Gaudens (H.-Gar.)		
Campardon	1850	☩	Villemur (H-Gar.)		
Campbell	1894		Menton (Alpes-Marit.)		
Campinchi	1900		Ajaccio (Corse)		
Campistron	1896		à Toulouse		
Campoussy (de)	1843		Mijanès (Ariège)		
Camus			Compiègne (Oise)		
Camus	1874		aux Lilas (Seine)		
Camus	1875		à St-Georges (Ch.-Inf.)		
Camus			à Langeais (Indre-et-Loire)		
Camus			Plouigneau (Finistère)		
Camus	1852		Montmarault (Allier)		
Camuzet	1890		Rennes (Ille-et-Vil.)		
Canac	1894		à St-Affrique (Aveyron)		
Canac	1891		Cassagnes-Begonhès (Aveyr.)		
Cancalon	1868		à Chatelus (Creuse)		
Cancalon (A)	1869		Blois (Loir-et-Cher)		
Canceil	1894		à Port-Vendres (Pyr.-Or.)		
Canceil	1899		à Elne (Pyr.-Or.)		
Candelon	1858		Toulouse (Hte-Garonne)		
Candé	1893		Podensac (Gironde)		
Candé	1882		au Lude (Sarthe)		
Candelier			Bucquoy (Pas-de-Calais)		
Canée	1896		à Beaumont (Garonne)		
Canaby			à Ste-Colombe (Aude)		
Canard			Pont-de-Veyle (Ain)		
Cannaby	1896		Judaïque 25, à Bordeaux (Gironde)		
Cannac (L.)	1886	✶	Lamothe Naucelle (Aveyron)		
Cannac	1893		Réalmont (Tarn)		
Cannieu	1894		Eug.-Tenot 75, Bordeaux		
Canniot	1891		St-Quentin (Aisne)		
Canolle	1867		à Toulon (Var)		
Canonne (N.)	1867		Anzin (Nord)		
Canonne	1899		à Angers (Maine-et-L.)		
Canteteau	1880		les Sables-d'Olonne (Vendée)		
Cantin (F).			Brie-Cte-Robert (S.-et-M.)		
Cantin			à Vetheuil (S.-et-O.)		
Canton	1876		St-Mihiel (Meuse)		
Cantonnet	1866		Cordeliers 15, (Pau)		
Canu (L. J. B.)	1870		Ardres (P-de-C.)		
Capdepon			rue Neuve, Bordeaux		
Capdeville	1886		Alfortville (Seine)		
Capdeville	1879		à Monleon (Htes-Pyr.)		
Capdeville (L.)	1869		Puntous Castelnau-Magnoac (Htes-Pyr.)		
Capdeville (de)	1868		boul. de Rome 14, Marseille (Bouches-du-Rhône)		
Capdeville	1886		Buzet (Lot-et-Gar.)		
Capdupuy	1880		Mées (Landes)		
Capeau (J.-E.)	1865		Cavaillon (Vaucl.)		
Capella	1894		St-Nicolas-de-la-Grave (Tarn-et-Garonne)		
Capelle (P.)	1883		Cambrai (Nord)		
Caperet	1877		Pontacq (Basses-Pyr.)		
Capette	1854		Chauny (Aisne)		
Capette-Laplène	1899		à Sivrac (Dor.)		
Capitrel	1883	✶	Vimoutiers (Orne)		
Capitrel			Chateaudun (Eure-et-Loir)		
Caplet	1894		à Chauny (Aisne)		
Capman (F.)			à Quarante (Hérault)		
Capman	1898		à Béziers (Hérault)		
Capnarty	1897		à Casseneuil (Lot-et-G.)		
Capmas (A.)	1867		B. de Visa (T.-et-G)		
Capon	1884		Cambrai (Nord)		
Capoulade	1887		Esbalion (Aveyron)		
Cappé	1889		à Thiais (Seine)		
Capony	1892		Charlieu (Loire)		
Capron (E.)	1877		Chaum.-en-Vexin (O.)		
Capuron	1887		à Mostaganem Oran).		
Caquelard	1885		Tr.-Porhoët (Morbih.)		
Caquille	1900		à Ervillers (Pas-de-Cal.)		
Caradec (T.)		✤ ✶ O I	Brest (Finistère)		
Carais			Lannilis (Finistère)		
Caral (A.-H.)	1858		La Mure (Isère)		
Caral	1885		à Veynes (Htes-Alpes)		
Carassan	1890		à Gonfaron (Var)		
Carat	1883		Malakoff (Seine)		
Carayon	1859		à Castres (Tarn)		
Carayon			à Saix (Tarn)		
Carayon (P.)			Bd Baille 18, Marseille		
Carayon	1865		Meyzieu-Montroud (Loire)		
Carbonel (J.)	1852		Assier (Lot)		
Carbonnel	1847		Carentan (Manche)		
Carbonell			à Larroque (Pyr.-Orient.)		
Carbonell	1896		Perpignan (Pyr.-Or.)		
Carbou	1884		Carcassonne (Aude)		
Carboué	1882		St-Clar (Gers)		
Carageorgiadès			St-Dizier (Creuse)		
Caramanos	1898		Chaumont-s-Ch. (L.-et-Cher)		
Carcassonne	1869		Marseille		
Carcassonne			Amélie-les-Bains (Py.-O.		
Carcopino	1889		Verneuil (Eure)		
Carcy	1895		Viguory (Hte-Marne)		
Cardeillac			Jean-Suau 8, Toulouse		
Cardeilhac	1898		Pointis-Isnard (Gar.)		
Cardon			à Emerin (Nord)		
Cardozo			Hamon 2, Tunis		
Cardot	1887		Château-Thierry (Aisne)		
Carel	1897		à Colomby-les-2-Eglises (Hte-Marne)		
Carence (J.-J.)	1861	✤ I	Toulon		
Carette	1883		Tourcoing (Nord)		
Carette (J.)	1894		Roubaix (Nord)		
Carette			St-Pol (Pas-de-Calais)		
