nom	année	notes	adresse	horaires	sexe
Jean (M.)	1901		Lussan (Gard).		
Jean (Louis)			à Avignon (Vaucluse).		
Jeanbrau			Montpellier et La Presle.		
Jeandelize (P.)			Grandville 19, Nancy.		
Jeanne (H.)	1883		Meulan (Seine-et-O.)		
Jeanne	1898		à Rouen.		
Jeannel			ail. St-Etienne, 3, Toulouse (Haute-Garonne).		
Jeannel	1887		(au Mont-Dore, l'été).		
Jeannet	1900		Toulon-sur-Arr (S.-et-L.)		
Jeannel	1900		Croissy (Seine-Inf.).		
Jeannin	1895		à Lons-le-Saunier (Jura).		
Jeanpierre	1882		Vernancourt (Marne).		
Jeanpierre	1894		Marnay (Hte-Saône).		
Jehanne			Brest (Finistère).		
Jehanno	1900		Haie-Fouassier (Loire-Inférieure).		
Jeanty	1900		Blaison (Maine-et-Loire).		
Jenard	1894		à Croix (Nord).		
Jennevin			Landerneau (Finistère).		
Jeudi de Grissac	1876	✪	Argenteuil (S.-et-O.).		
Jeulain	1900		à Montoires (L.-et-Cher).		
Jeulin	1894		à Nantes (Loire-Inférieure).		
Jeunet	1890		à Lyon.		
Jeunet	1898		à Mers (Somme).		
Jeunet			C. Chapitre 16, Marseille		
Joal	1878	✶	Le Mont-Dore (Puy-de-D.).		
Joanin (Alb.)	1901		à Châtillon (Seine).		
Joany	1891		Cubjac (Dordogne).		
Joanny	1886	✪	St-Martin-Valmeroux, (Cantal).		
Joanny	1883		Pléaux (Cantal).		
Job (A.)	1871		Lunéville (M.-et-Moselle.)		
Job	1899		à Pont-à-Mousson (M.-et-M.).		
Job	1897		à Lunéville.		
Jobard (C.)	1880		Is-sur-Tille (Côte d'Or).		
Jobard (J.)	1878	✶	Vassy (Hte-Marne).		
Jocet			à Quimper (Finistère).		
Joffrion	1893		à Benet (Vendée).		
Joguet	1896		à St-Fulgent (Vendée).		
Johanny de Rochely	1900		à Pradelles (Haute-Loire).		
Joire (Paul)	1882	✪	r. Léon-Gambetta 42, Lille (Nord).		
Joland	1892		Paix 10, Nice.		
Jolieu	1857		Lavelanet (Ariège).		
Jolliot (de)	1885		Pontailler-s.-Saône (Côte-d'Or).		
Jolis (P.)	1895		à Lectoure (Gers).		
Jolly	1898		Champroud (Eure-et-Loir).		
Joly	1895		Monyicq (Allier).		
Joly fils	1866		Clermont (Oise).		
Joly			à Vouziers (Ardennes).		
Joly (J.)	1872		Fauquembergues (P.-de-C.)		
Joly	1892		Mende (Lozère).		
Joly	1894		Soissons (Aisne).		
Joly	1897		Vesle 60, Reims.		
Joly	1892		à Argent (Cher).		
Joly			St-Ciers (Gironde).		
Jomard (P.-M.)			Beaujeu (Rhône).		
Joncheray	1893		Angers (M.-et-Loire).		
Jonchère	1895		St-J.-d'Angely (Ch.-I.).		
Jondeau			Châlon-s.-Saône (S.-et-L.).		
Jones (R.)	1893		Pleneuf (C.-du-Nord).		
Jones (Arm)			à Ris-Orangis (S.-et-O.).		
Jonnard			Hauteville (Ain).		
Jorand	1896		à Nangis (Seine-et-Marne).		
Jordain (J.-B.)	1895		Moularès (Tarn).		
Jorret	1900		à Beaune (Côte-d'Or).		
Joret	1902		Lanvollon (Côtes-du-Nord).		
Joron	1903		Gouvieux (Oise).		
Joseph dit Orme	1893		à Toulon (Var).		
Josserand		✪	Pl. des Célestins 3, Lyon.		
Jossic	1886		Nanterre (Seine).		
Jossilevitch	1898		à Romorantin (L-et-C.)		
Josso	1880		Nantes (Loire-Inférieure).		
Josso	1902		Herbignac (Loire-Inf.).		
Jossu	1901		Nouan (Loire-et-Cher).		
Jouannaud	1883		Bourges (Cher).		
Jouanne	1900		Guelma (Constantine).		
Jouanneau (H.)			Château-Ren. (I.-et-L.).		
Jouannic	1899		à Loudéac (C.-du-Nord).		
Jouany	1870		Toulon (Var).		
Jouany	1899		à Montbazon (I.-et-L.).		
Jouault (F.)	1868		St-Denis-le-Gast (Manche).		
Joubaire	1901		à Rennes (Ille-et-Vil.).		
Joubert (E.)	1882		Burie (Ch.-Infér.).		
Joubert (L.)	1897		à Louerre (M.-et-L.).		
Joubert-Laurencin	1886		Macon.		
Jouet	1883		Chauvigny (Vienne).		
Jouhannet			Vichy (Allier).		
Jouhaud (L.)	1903		Limoges (Hte-Vienne)		
Jouillié	1885		Bessèges (Gard).		
Jouis	1891		Andouillé (Mayenne).		
Jouitteau	1894		St-Laurent-sur-Sèvres (Vendée).		
Joulia	1896		à Tours.		
Joüon (F.)	1860	✪	r. Courson, Nantes.		
Joüon (L.)	1871		Alger 14, Nantes.		
Jouon (Eug.)	1901		Nantes.		
Jouon	1892		Nantes.		
Jourda			à Muret (Hte-Garonne).		
Jourdan (X.)			rue de la Bibliothèque 6. Marseille (Bouches-du-Rhône).		
Jourdan (E.)	1876	✪	rue République 8, Marseille.		
Jourdan (A.)	1857		rue St-Jacques 68, Marseille (Bouches-du-Rhône).		
Jourdan	1890		Thones (Haute-Savoie).		
Jourdan du Mazot	1873		Nevers.		
Jourdan (Al.)			St-Jacques 68, Marseille.		
Jourdan (P.)	1868		Salbris (L.-et-Cher.)		
Jourdan	1872		Vallauris (Alp.-Marit.).		
Jourdan (Maurice)	1895		Marseille.		
Jourdan	1899		Clermont-l'Hérault.		
Jourdanne			La Trimouille (Vienne).		
Jourdanne			Marolles-lez-Braults (Sarthe)		
