nom	année	notes	adresse	horaires	sexe
Pitoy (J.-J.)	1877		Jussey (Haute-Saône)		
Pitrat (A.)	1884		Paradis 317, Marseille		
Pitre	1873		Craponne (Rhône)		
Pitres	1877	✶ Q I	Cours d'Alsace-Lorraine 119, Bordeaux (Gironde)		
Pitti-Ferraudi			Bastia (Corse)		
Piussan			Segalier 17, à Bordeaux		
Piveteau	1874		Ste-Florence (Vendée)		
Pize (L.-P.)	1854	méd. insp. des eaux de Condillac	Montélimar (Drôme)		
Pize	1899		Quingey (Doubs)		
Pla	1897		allée de la Garonne, Toulouse		
Placé	1885		Mehun-sur-Yèvre (Cher)		
Pliagnand-Flaissières		✶	Marseille		
Planas	1891		Etoile (Drôme)		
Planat	1867		Nice (Alpes-Marit.)		
Planat fils	1897		Nice		
Plancard	1894		à Carcassonne (Aude)		
Planchais	1881		Dreux (Eure-et-Loir)		
Planchard (E.)	1888	Q	Clermont-Ferrand		
Planche	1897		à Chateldon (Puy-de-D.)		
Plancke	1899		r. d'Italie 6, Tunis		
Planque	1861		St-Pol (P.-de-Calais)		
Planques	1895		Moux (Aude)		
Planque	1897		à Arras (Nord)		
Planel	1877		Beaumont (Eure)		
Planta (de)			à Nice		
Plantard			Chantenay-s.-Loire (L.-Inf.)		
Planté	1865		Breuvannes (Hte-Marne)		
Plante	1903		St-Symphorien (Loire)		
Platel	1900		Yerville (Seine-Inférieure)		
Platel			Lille		
Planteau (A.)	1883		Lamonzie (Dord.)		
Plantier	1890		Annonay (Ardèche)		
Platey	1901		Moucley (Doubs)		
Plassard			Roanne (Loire)		
Platon		✶	Sylvabelle 28, à Marseille		
Platrièr	1899		à Calais (Pas-de-Calais)		
Plauchu			quai de l'Hôpital 7, Lyon		
Plaussu	1900		Touvet (Gard)		
Playoust	1895		à Tourcoing (Nord)		
Pledreau	1899		à Maulevrier (M.-et-L.)		
Plet			à Dechy (Nord)		
Pley			St-Omer (Pas-de-Calais)		
Plichon	1889		Créteil (Seine)		
Plichon	1893		à St-Michel (Aisne)		
Plique	1881		Poissons (Hte-Marne)		
Plihon (G.-A.)	1859		à Nantes (L.-Inf.)		
Plomb	1901		Toulon (Var)		
Plouzane			à Pont-l'Abbé (Finistère)		
Plumeau			Champ-de-Mars 7, Bordeaux		
Plouvier			Artres (Nord)		
Pluyaud	1883		Houilles (Seine-et-Oise)		
Pluyette	1883		boul Salvator 48, Marseille (Bouches-du-Rhône)		
Poan de Sapincourt	1904		Rouen		
Pognon	1889		St-Mandé (Seine)		
Poggi	1896		c. Pierre-Puget 38, Marseille		
Poignard	1875		St-Mandé (Seine)		
Poillot	1891		Montbard (Côte-d'Or)		
Poinconnat			à Cormeilles (S.-et-Oise)		
Poineau	1898		à St-Hilaire (Deux-Sèv.)		
Poingt	1882		Donzy (Nièvre)		
Poinot	1899		N.-D.-de-Vaudreuil (Eure), et à Rouen		
Point-Dumont			Pénitents-de-la-Croix 8 Lyon		
Poirault	1882		Mouilleron (Vendée)		
Poirault	1900		Lavausseau (Vienne)		
Poirier	1893		Mayenne		
Poirier (G.)	1890		Gde-Rue 84 bis, à Boulogne-sur-Seine (Seine)		
Poirier	1900		La Verrie (Vendée)		
Poirier			Couches-les-Mines (S.-et-D.)		
Poirier-Duval	1894		Rochefort (Morb.)		
Poirier	1902		Morannes (M.-et-L.)		
Poirrier	1890		Marnay (Hte-Saône)		
Poirrier	1900		Coutures (Loir et-Cher)		
Poirson	1883		Morez (Jura)		
Poisson	1894		à Alban (Tarn)		
Poisson			Lavit-de-Lomagne (T.-et-G.)		
Poisson			houl. Geslin 5, à Nantes		
Poisson	1895		à Bapaume (Pas-de-Calais)		
Poiteau (A.-J.)	1869		Albert (Somme)		
Poiteau	1872		Bienvillers-au-Bois (Pas-de-Calais)		
Poitevin			Rochechouart (Hte-Vienne)		
Poitevin de Fontguyon	1899		à Angoulême		
Poitou	1896		à La Membrolle (M.-et-L.)		
Poivet	1893		Dinan (Côtes-du-Nord)		
Poix (Gaston)			au Mans (Sarthe)		
Pojolat	1870	Q I	Clermont-Ferrand		
Poli	1896		Réziers (Hérault)		
Polier (P.)			Toulon (Var)		
Polidor	1901		Port-Louis (Morbihan)		
Polle	1898		à Bohain (Aisne)		
Pollet (A.-E.)	1880	✶ I	Douai (Nord)		
Pollet (A.)			Roubaix 11, Lille		
Pollet (Bern.)			Sainghin (Nord)		
Pollon (G.)	1872		Uzès (Gard)		
Pollosson	1878	✶	pl. des Celestins 3, Lyon		
Pollosson (Aug.)	1884	Q I, AGR.	Plat 8, Lyon (Rhône)		
Polo	1886		Nantes (Loire-Inférieure)		
Polonski	1900		à Arnage (Sarthe)		
Pombourcq	1874	✶	Acheux (Somme)		
Pommageot (F.)	1875		Bains (Vosges)		
Pomme	1886		Givors (Rhône)		
Pommepy	1886		Bordeaux		
Pommerais			Havre (Seine-Inférieure)		
Pommeret	1902		Preuilly (Indre-et-D.)		
Pommier (J.-E.)	1864	✶	Torigny-sur-Vire (Manche)		
Pompeani	1897		Ajaccio (Corse)		
Pompeani	1898		Nancy		
Poncet (A.)	1873	O ✶	pl. Charité, 11 Lyon		
Poncet (E.)			av. Noailles 61, Lyon		
Poncet	1882		Anzely (Nièvre)		
Poncet	1896		à Mangnin-en-Vexin (S.-O.)		
Poncin	1889		Montrevel (Ain)		
Poncin	1901		av. de Saxe 135, Lyon		
Ponroy (R.)	1872		Châteauroux (Indre)		
Pons	1884		à Ille-sur-la-Têt (Pyr.-Or.)		
Pons (F.)	1874		Lunel (Hérault)		
Pons	1903		Huriel (Allier)		
Pons			Nice (l'été à Vichy)		
Pons	1895		à Perpignan (Pyr.-Orient.)		
Pons	1896		à Flayac (Var)		
