nom	année	notes	adresse	horaires	sexe
Du Pasquier (E.)			Orangerie 10, Le Havre.		
Dupau	1876		Toulouse (Hte-Gar.).		
Dupau	1898		à Marseille-le-Petit (Oise).		
Duperrier	1902		Grange-le-Bourg (S.-et-L.).		
Dupertuis			Adamville (Seine).		
Dupeu	1897		à Maisse (Seine-et-Oise).		
Dupeux	1877		Bordeaux (Gironde).		
Dupeyrac (G.)			Sylvabelle 64, Marseille		
Dupeyrat (D.)	1881		Bayon (Gironde).		
Dupeyron		I	Sousse (Tunisie).		
Dupeyron	1894		Bazas (Gironde).		
Dupiellet	1883	Q	Carlux (Dordogne).		
Dupin (F.-P.)	1879		Toulouse (Hte-Gar.).		
Dupin	1890		Fosse 79, Nantes.		
Dupin	1898		à Lusignan (Vienne).		
Dupin de Laforcade	1899		Isle-en-Dodon (Hte-Garonne).		
Dupla	1864		Mirepoix (Ariège).		
Duplaâ (J.)	1844		Capbreton (Landes).		
Duplan (J.)	1865		Tarbes (Htes-Pyr.).		
Duplan fils	1903		Tarbes.		
Duplant	1898		Cours Morand 10, Lyon.		
Duplantier			à Anvers (Seine-et-Oise).		
Duplessis			Montceau-les-M. (S.-et-L.).		
Duponnois			r. de France 179, Nice.		
Dupont	1874		La Roche (Hte-Savoie).		
Dupont	1879		Mantes (S.-et-O.).		
Dupont	1890		Yvernay (M.-et-L.).		
Dupont (J.-B)	1877		St-Hilaire-la-Palud (Deux-Sèvres).		
Dupont	1881	✶	St-Loup (Hte-Saône).		
Dupont	1895		Pouilly-s.-Charlieu (L.).		
Dupont	1898		à Lussac (Vienne).		
Dupont	1887		pl. Pey Berland 10, Bordeaux.		
Dupont	1898		à Toul (Meurthe-et-Mos.).		
Dupont	1889		L'Isle-Adam (S.-et-O.).		
Dupont	1871	✶	Valmont (S.-Inf.).		
Dupont	1871		à Poitiers (Vienne).		
Dupont	1893		Villiers-St-Georges (S.-et-Marne.		
Dupont			St-Paul 28, Marseille).		
Dupont	1896		à Labarthe (H.-Py.).		
Dupont	1886		à Avenay (Marne).		
Dupont	1894		à Chéroy (Yonne).		
Dupont	1895		Besançon (Doubs).		
Dupont	1902		Lourdes (Htes-Pyrénées).		
Dupont	1898		Bécon (Maine-et-Loire).		
Dupoux	1871	Q	Vallon (Ardèche).		
Dupont	1902		Fécamp (Seine-Infér.).		
Dupoux fils			Pionsat (Puy-de-Dôme).		
Dupoux	1900		St-Ouen (Seine).		
Dupoux	1902		Dornes (Nièvre).		
Dupouy (L.)	1867		Larromieu (Gers).		
Dupouy	1870		à St-Cloud (S.-et-Oise).		
Dupouy	1895		à Buzançais (Indre).		
Dupony			à Arzacq (B.-Pyr.).		
Dupoy	1878		Tartas (Landes).		
Duprat	1858	✶	Bourges (Cher).		
Duprat			Guyan (Gironde).		
Duprat	1902		Louveciennes (Seine-et-O.)		
Duprat	1902		Labrit (Landes).		
Dupré (F.)	1866		Mauperthuis (S.-et-M.).		
Dupré (H.)	1885		Bourg (Ain).		
Dupré (G.)	1881		à Reims (Marne).		
Dupré	1890		à Laval (Mayenne).		
Dupré	1859		à St-Galmier (Loire).		
Dupré	1902		Fegréac (Loire-Inf.).		
Dupré	1881		Charenton (Seine).		
Dupré			Wattrelos (Nord).		
Dupret			à Groslay (Seine-et-Oise).		
Dupret (A.)			Flavy-le-Martel (Aisne).		
Dupretz			à Gondecourt (Nord).		
Duprey	1876		St-Nic.-du-Port (M.-et-M).		
Duprey	1891		Château-Ghinon (Nièvre).		
Duprey			Mazingarbe (Pas-de-Calais).		
Dupuis (C.)	1861		Bressuire (D.-Sèvres).		
Dupuis (L.)	1877		Cuisery (S.-et-Loire).		
Dupuis	1899		à Moulle (Pas-de-Calais).		
Duputel	1873	Q	Rouen (Seine-Inf.).		
Dupuis	1860		à Aunneuil (Oise).		
Dupuis	1902		Epernay (Marne).		
Dupuy	1873	✶	Vervins (Aisne).		
Dupuy	1895		Genillé (Indre-et-Loire).		
Dupuy	1882		Manciet (Gers).		
Dupuy	1901	✶	Neuilly (Seine).		
Dupuy	1898		Poulaines (Indre).		
Dupuy	1894		Grenoble (Isère).		
Dupuy	1875		Cazaubon (Gers).		
Dupuy	1899		à Pineuilh (Gironde).		
Dupuy			Le Havre (Seine-Inférieure).		
Dupuy	1898		Villandraud (Gironde).		
Dupuy (P.)	1879	✶	Moissac (Tarn-et-G.).		
Dupuy	1900	✶	Puycasquier (Gers).		
Dupuy	1900		Cereste (B.-Alpes).		
Dupuy			à Villie-Morgon (Rhône).		
Duquaire			Vaubecour 14, Lyon.		
Duquenoy	1897		à Liévin (Pas-de-Cal.)		
Duquesnoy			à Tourcoing (Nord).		
Duquesnel (E.-L.)	1857		Roye (Somme).		
Durand	1870	✶ I	Arcueil-Cachan (Seine).		
Durand			av. du Roule 103, Neuilly (Sei.).		
Durand	1894		allée Lafayette 30, Toulouse		
Durand	1895		à Bussières, Dunoise (Cr.)		
Durand	1891		Caluire-et-Cuire (Rhône).		
Durand	1889		Albi (Tarn).		
Durand		Q	Brassac (Tarn).		
Durand	1889		Castelnaudary (Aude).		
Durand			St-Pourçain (Allier).		
Durand	1874		Civry (Eure-et-Loir).		
Durand	1868		St-Martin (Cher).		
Durand	1883		Charly (Rhône).		
Durand	1888		Fraize (Vosges).		
Durand	1875	✶ I	Marseillan (Hérault).		
Durand	1886		Ladon (Loiret).		
Durand	1891		à Montreuil (Seine )		
Durand	1882		à Maubourguet (H.-Pyr.).		
Durand	1885		Donzy (Nièvre).		
Durand	1865		à Bourron (S.-et-Marne).		
Durand	1894	✶	Grenette 31, Lyon.		
Durand			Gde-Rue-Ste-Claire 13, Lyon.		
Durand	1869		Rodez (Aveyron).		
Durand	1875		Pont-de-Salars (Aveyron).		
Durand (J.)	1877		Preuilly (I.-et-Loire).		
Durand	1866		Rions (Gironde).		
Durand	1896		pl. du Pont 7, Bordeaux.		
Durand (C.)	1884		St-Bris (Yonne).		
Durand	1894		à Villeneuve-s.-Yonne.		
Durand (P.)	1878		St-Gaudens (Hte-G.).		
