nom	année	notes	adresse	horaires
Bernède (L.-M.)	1876		Agen (Lot-et-Gar)	
Bernède			Montréjeau (Hte-Gar.)	
Bernet (P.-H.)	1859		Lavaur (Tarn)	
Berneuil	1879		Livry (Seine-et-Oise)	
Bernheim (H.)	1867	✶ I	Nancy (M.-et-Mos.)	
Bernier	1869		Trèbes, Capendu (Aude)	
Berny (F.)	1878		Prats-de-Mollo (Pyr.Or.)	
Berrué	1876		Briouzé-St-Gervais (Orne)	
Berruzier	1880		Raucourt (Ardennes)	
Berry	1873		Langeais (Indre-et-Loire)	
Berry	1888		Bordeaux (Gironde)	
Bert	1858		Avallon (Yonne)	
Bert		?	à Aurillac (Cantal)	
Bert			Benassais (Vienne)	
Bertail	1873		Ancy-le-Franc (Yonne)	
Bertaux		?	André 16, Lille (Nord)	
Bertéjac (J. L.)	1881		Villefranche (Lot-et Gar.)	
Bertel	1880	M. H.	Le Havre (Seine-Inf.)	
Bertet	1881		St-Maixent (Deux-Sèvres)	
Berthaud (H.)	1854		Is-sur-Tille (Côte-d'Or)	
Berthaud	1876		Chalamond (Ain)	
Berthaut	1883		à St-Pons (Hérault)	
Berthe	1869		Étoile (Drôme)	
Berthe	1868		Le Cannet (Alpes-Marit.)	
Bertheau	1859		Pouancé (Maine-et-Loire)	
Berthelemy	1880		Génicourt-sous-Condé (Meuse)	
Berthelot	1864		La Chartre (Sarthe)	
Berthelot (M. L. M.)	1880		Pontarlier (Doubs)	
Berthet	1883		Albertville (Savoie)	
Berthet (J.)	1878		Taninges (Hte-Savoie)	
Berthet	1880		Narbonne (Aude)	
Bertheux	1881		Rennes (Ille-et-Vilaine)	
Berthier (L.)	1844		Aix-les-Bains (Savoie)	
Berthier	1876		Trévoux (Ain)	
Berthier	1872		Thoissey (Ain)	
Berthollet	1864		Grenoble (Isère)	
Berthomier (C. A.)	1874		Cusset (Allier)	
Berthomier (A.)	1875		Moulins (Allier)	
Bertier	1876		Regnié (Rhône)	
Bertin (E.)	1858		Montpellier (Hérault)	
Bertin	1854		à Dijon (Côte-d'Or)	
Bertin	1888		à Montpellier (Hérault)	
Bertin (G.)	1864		Nantes (Loire-Inf.)	
Bertin			Brionne (Eure)	
Bertin du Château	1878		Vernon (Eure)	
Berton	1868		Vaiges (Mayenne)	
Berton	1887		Triel (Seine-et-Oise)	
Bertrac (S.)	1883		Lautrec (Tarn)	
Bertrand (A.)	1865		Chalon-sur-Saône (Saône-et-Loire)	
Bertrand (G.)			Flavigny (Meurthe-et-Moselle)	
Bertrand-Desminières	1858		à Benassois (Vienne)	
Bertrand (F.)	1877		La Celle-Dunoise (Creuse)	
Bertrand (B.)	1844		La-Mothe-Landeron (Gironde)	
Bertrand fils	1869		La Mothe-Landeron (Gironde)	
Bertrand (G.)	1842		Lisle (Tarn)	
Bertrand	1863		Luzy (Nièvre)	
Bertrand			pl. St-Clair 2, Lyon (Rhône)	
Bertrand	1878		Mansle (Charente)	
Bertrand	1856		Neauphle-le-Château (Seine-et-Oise)	
Bertrand	1889		à Aix (Bches-du-Rhône)	
Bertrand	1874		Noirétable (Loire)	
Bertrand (C.)	1873		Roanne (Loire)	
Bertrand (J. G.)	1865		Sail-sous-Couzan (Loire)	
Bertrand (L.)	1840		St-Pons (Hérault)	
Bertrand (E.)	1875		St-Servan (Ille-et-Vilaine)	
Bertrand (P. A.)	1852		Toulon-sur-mer (Var)	
Bertreux	1885		Geslé (Maine-et-Loire)	
Bertrand (M.)	1883		Toulon-sur-mer (Var)	
Bertreul	1883		Geslé (Maine-et-Loire)	
Bertrin (P.)	1856		St-Bazeille (Lot-et-Garonne)	
Bertrin	1885		Brie-Cte-Robert (S.-et-M.)	
Besançon	1862		Grande-Rue 52, Boulogne-s-Seine (Seine)	
Besançon			Villefranche (Rhône)	
Besaucèle (V.)	1874		Toulouse (Hte-Garonne)	
Besnard (V.)	1859		Saumur (Maine-et-Loire)	
Besneux			à Andouillé (Mayenne)	
Bessac (J. M.)	1865		Anor (Nord.)	
Besse	1858		Saintes (Char.-Inf.)	
Besse (A.)	1863		Villeréal (L.-et-Gar.)	
Bessette (E.)	1852	✶	Angoulême (Charente)	
Bessières	1884		à Clarensac (Gard)	
Bessirard		?	à Vibraye (Sarthe)	
Besson (J.)	1833		Chambéry (Savoie)	
Besson	1877		Montluçon (Allier)	
Besson	1869		Villefranche (Aveyron)	
Besson St-Bonnet			Mirambeau (Ch.-Inf.)	
Besson	1888		à Bourges (Cher)	
Besson			à St-Geoire (Hte-Savoie)	
Bethout			St-Germain-les-Belles-Filles (Hte-Vienne)	
Betoland (J. C.)	1837		Châlus (Hte-Vienne)	
Bettinger (C.)	1881		Reims (Marne)	
Bettremieux	1885		Lille (Nord)	
Bettremieux			?, Roubaix (Nord)	
