nom	année	notes	adresse	horaires
Jouillié	1885		Molières-s.-Cize (Gard)	
Jouitteau	1894		St-Laurent-sur-Sèvres (Vendée)	
Joüllié (A.)	1889		Narbonne (Aude)	
Jounia (A.)	1862		Paradis 214, Marseille	
Joüon (F.)	1860	✶	r. Courson, Nantes	
Joüon (L.)	1871		Alger 14, Nantes	
Joüon (Louis)	1892		Carquefou (Loire-Inferieure)	
Jurda			à Muret (Hte-Garonne)	
Jouordain	1884		Ballan (Indre-et-Loire)	
Jourdan (L.)	1851		Cavaillon (Vaucluse)	
Jourdan (X.)			rue de la Bibliothèque 6, Marseille (Bouches-du-Rhône)	
Jourdan (E.)	1876	✶	rue de la Bibliothèque 6, Marseille (Bouches-du-Rhône)	
Jourdan (A.)	1857		rue St-Jacques 68, Marseille (Bouches-du-Rhône)	
Jourdan	1890		Thônes (Haute-Savoie)	
Jourdan du Mazot	1873		Nevers	
Jourdan (P.)	1868		Sâlbris (L.-et-Cher.)	
Jourdan	1872		Vallauris (Alp.-Marit.)	
Jourdan (Maurice)	1895		Marseille	
Jourdanet			Grenoble (Isère)	
Journés			La Bastide-de-Lévis (Tarn)	
Journet	1883		Laure (Aude)	
Jouslin	1855		Châteauroux (Indre)	
Joussaume	1858		Chât.-Thierry (Aisne)	
Jousse (E.)	1875		Marcillac-Lanville (Ch.)	
Jousselin (L.-G.)	1868		Mauzé (Deux-Sèvres)	
Jousset	1872		à Lille (Nord)	
Jousset			Bellême (Orne)	
Jouve	1893		La Neuve (Eure)	
Jouve			Biarritz (Basses-Pyrénées)	
Jouvion	1869		à Merville (Hte-Garonne)	
Jovenial (M.)	1863		Toulon-sur-mer (V.)	
Joy	1895		Point-du-Jour 115, Boulogne (Seine)	
Joyaux (A.)	1866		Croix-Blanche 70, Bordeaux (Gironde)	
Joyes	1894		à Ameyron (Drôme)	
Joyeux (J.)	1855	✶	Mirecourt (Vges)	
Joyeux	1895		Bourbonne (Hte-Marne)	
Jozancy	1850		Saint-Romain-de-Benet, (Char.-Inférieure)	
Jubin	1876		Victor-Hugo 40, Lyon	
Jubineau	1883		Bourneuf (Loire-Inf.)	
Juanchuto	1879		Cambo (B.-Pyrenées)	
Juannin	1840		Moulins-Engilb. (Nièvre)	
Jubin	1876		Lyon	
Jubelin			Nice (Alpes-Maritimes)	
Jubineau	1883		à Bourneuf (Loire-Inf.)	
Jubiot fils	1879		cours Chapitre 39, Marseille (Bouches-du-Rhône)	
Judet-Lacombe	1863		Thiviers (Dord.)	
Jugand (L.-J.)	1854		Issoudun (Indre)	
Juif (P.)	1876		Melisey (Haute-Saône)	
Julia	1887		à Auterive (Hte-Garonne)	
Julian Numa	1882		à Nîmes (Gard)	
Julié	1894		Marvéjols (Lozère)	
Julg			Beaucourt (Ht-Rhin)	
Julien	1883		Nîmes (Gard)	
Julien	1894		à Fontaine-Française (Côte-d'Or)	
Julien	1886		à Pontgouin (Eure-et-Loir)	
Julien			Mustapha (Algérie)	
Jullian	1876		Vif (Isère)	
Julliard	1877		Châtillon-de-Michaille (Ain)	
Jullien	1892		pl. d. Halles-Centr., 5, Le Havre	
Jullien (E.)	1892		Sourdon (Somme)	
Jullien	1889		à Pomérols (Hérault)	
Jung			Sonzay (Indre-et-Loir)	
Junin	1888		St-Cyr-du-Dout (Ch.-Inf.)	
Junot	1893		Hôtel-de-Ville 64, Troyes (Aube)	
Jupé	1879		Arudy (Basses-Pyrénées)	
Just	1875		à Menton (Alpes-Maritimes)	
Justinésy (A.)	1868		Martigues (B.-du-Rhône)	
Juteau	1850		Chartres (Eure-et-Loir)	
Jutet (E.)	1889		rue St-Etienne 6, Lyon (Rhône)	
Juveaux	1892		Corseul (C.-du-Nord)	
Juventin			Nice (Alpes-Maritimes)	
Juvenal			Toulon (Var)	
Juventin			à Vichy (Allier)	
Juvigny			La Charité (Nièvre)	
Juvin (J.)	1837		Grenoble (Isère(	
Kahn	1874		St-Etienne (Loire)	
Kamienski	1872		Villeurbanne (Rhône	
Kaniner	1893		St-Cyprien (Dordogne)	
Kaplan	1889		à Janville (Eure-et-Loir)	
Kaplan Hirsch	1892		à Combs-la-Ville (Seine-et-Marne)	
Karlyn			rue de Paris 37, Asnières (Seine)	
Katz	1884		Pontoise (Seine-et-Oise)	
Katzenelenbogen	1895		Trun (Orne)	
Kawalerski	1863		Lodève (Hérault)	
Kayser	1851		Philippeville (Constantine)	
Keating Hart	1895		Marseille (B.-du-R.)	
Keller	1893		Colombes (Seine)	
Kemmerer	1839		à St-Martin-de-Ré (Charente-Inférieure)	
Kempf	1887		Celles-sur-Plaine (Vosges)	
Kérébel	1888		St-Renan (Finistère)	
Kerguistel	1872		Guérande (Loire-Inf.)	
Kermarrec			Landerneau (Finistère)	
Kinsbourg (Alp.)	1851	✶	Remiremont (Vosges)	
Kirchberg	1855		Nantes (Loire-Inf.)	
Kleckowski	1880		Grand-Fresnoy (Oise)	
Klée	1879		à La Bresse (Vosges)	
