nom	année	notes	adresse	horaires
Périgord			Limoges (Hte-Vienne)	
Perinelle (L.)	1889		République 57, à Puteaux (Seine)	
Peringuey (J.-L.)	1883	✪	Rte d'Espagne 244, Bordeaux (Gironde)	
Perion			Ecluses 2, Nantes	
Périot			Lodi 39, Marseille	
Perisse			Le Fousseret (Hte-Gar.)	
Perisson	1891		Cezac (Gironde)	
Périvier	1891		Pleumartin (Vienne)	
Perlis (V.)	1887		Châteaurenard (Loiret)	
Perlis (G.)	1892		Bellegarde (Loiret)	
Pernelle	1858		à Dieppe (Seine-Inf.)	
Pernet (V.)	1878		Rambervillers (Vos.)	
Pernot			Djerba (Tunisie)	
Pernot	1857	✪ ✶	Avignon (Vaucluse)	
Pérochaud	1885		Nantes (Loire-Inf.)	
Péronaux	1883		Romainville (Seine)	
Péronne (E.-J.-B.)	1863		Sens (Yonne)	
Perotte			Confrançon (Ain)	
Perrachon (J.)	1883		Montcenis (Saône-et-Loire)	
Perraudin	1892		Montereau (S.-et-M.)	
Perreau (M.)	1880		Saumur (M.-et-L.)	
Perrenot	1880		Hyères (Var)	
Perrelet			Servient 5, Lyon	
Perret	1876	AGR.	r. Hénon, Lyon	
Perret			Grolée 6, Lyon	
Perret			Bricon (Hte-Marne)	
Perret (F.)	1864	✶ ✪	Rennes (I.-et-V.)	
Perret	1878		Romans (Drôme)	
Perret	1866		Marseille (B.-du-Rhône)	
Perrey	1883		Vitry-le-Croisé (Aube)	
Perrichet (E.)			Dijon (Côte-d'Or)	
Perrichon			Cormatin (Saône-et-Loire)	
Perrier	1868		Asnières (Seine)	
Perrier	1878		Nice (Alpes-Mar.)	
Perrier	1851		La Charité (Nièvre)	
Perrier (L.)	1862		Nimes (Gard)	
Perrier (G.)	1887		Nimes (Gard)	
Perrier	1877	✪	Valleraugue (Gard)	
Perrier	1878		Oued Zenati (Constantine)	
Perriguet	1875		Pacy-s.-Eure (Eure)	
Perrimond	1865		Villeneuve-Loubet (Alpes-Mar.)	
Perrin	1895		Sidi-bel-Abbès (Oran)	
Perrin (Léon)			Paradis, 140, à Marseille	
Perrin	1865	✪	Argentan (Orne)	
Perrin	1877		Cusset (Allier)	
Perrin de la Touche	1885	✪	Rennes	
Perrin (J.)	1840		Paradis 142, Marseille	
Perrin (A.)	1882		St-Claude (Jura)	
Perrin	1895		Dijon (Côte-d'Or)	
Perrin			Châtillon (Nièvre)	
Perriol	1894		Grenoble (Isère)	
Perrolaz	1883		Berrouaghia (Alger)	
Perron			Sennecey-le-Grand (S.-et-Loire)	
Perrot	1878		à Montluçon (Allier)	
Perrot	1890		Le Raincy (Seine-et-Oise)	
Perruchet	1858		St-Trivier-de-C. (Ain)	
Perruchet (E.)	1894		Dijon (Côte-d Or)	
Perrusset	1885		Bougie (Constantine)	
Persac	1859		Buchy (Seine-Inf.)	
Person			Bar-le-Duc (Meuse)	
Perry (de)	1860		Vital-Carles 24, Bordeaux (Gironde)	
Perry	1864		Vitry (Seine)	
Persillard	1887		St-Benoit-sur-Loire (Loiret)	
Persy (Paul)	1887		au Mans (Sarthe)	
Pertat	1893		Joinville (Hte-Marne)	
Péry (G.)	1859		à la Fac. de Méd., Bordeaux	
Peschaud (G.)	1884		à Murat (Cantal)	
Peschaud (D.)	1886		à Murat (Cantal)	
Peslerbe	1877		Nangis (S.-et-M.)	
Pesme	1868		Ville-sur-Terre (Aube)	
Pesserard			Vibraye (Sarthe)	
Pessez	1888		Villeneuve-St-Georges	
Pestour	1890		Vendôme (L.-et-Ch.)	
Pétel	1879		Rouen (Seine-Inf.)	
Péthiot	1870		Le Conquet (Finistère)	
Pétiau (F.)	1885		Boulogne-s.-Sne (Sne)	
Pétiau (G.)	1875		(de Paris) Achalies (Savoie) l'été	
Petit	1868		Aix-les-Bains (Savoie)	
Petit	1894		Bellegarde (Creuse)	
Petit (J.)	1871		Barenton (Manche)	
Petit	1875	✪	Carcassonne (Aude)	
Petit	1879	✪	Cette (Hérault)	
Petit	1852		Château-Thierry (Aisne)	
Petit	1877		Charly (Aisne)	
Petit	1869	✪	l'été à Royat (Puy-de-Dôme). — L'hiver à Paris	
Petit	1863	✪	Longeau (Hte-Marne)	
Petit (J.)	1876		Montbard (Côte-d'Or)	
Petit	1870		Montereau (Seine-et-Marne)	
Petit	1887		Bou-Sfer (Oran)	
Petit	1895		à Couterne (Orne)	
Petit	1849	✶	Moulins (Allier)	
Petit (E.)	1891		Parc St-Maur (Seine)	
Petit			Pont-sur-Yonne (Yonne)	
Petit			Montrésor (Indre-et-Loire)	
Petit (R.)	1867	✪	Rennes (Ille-et-Vil.)	
Petit (L.-H.)			Villa-les-Ananas, à Menton (l'hiver)	
Petit	1878		St-Pierre-d'Albigny (Savoie)	
Petit	1874		St-Soupplets (Seine-et-Marne)	
Petit (L.-H.)	1854		Toury (Eure-et-Loir)	
Petit			à Grans (Bouches-du-Rhône)	
Petit			Salies-de-Béarn (Bses-Pyrénées)	
Petit	1890		Libourne (Gironde)	
Petit fils (A.-D.)	1873		Vierzon (Cher)	
Petit	1893		Lussac (Gironde)	
Petit	1895		av. d'Argenteuil 66, Asnières (Seine)	
Petitbon	1892		St-Aignan (Cher)	
Petit Didier	1893		Toulon (Var)	
Petitclerc	1880		Rouen (Seine-Inf.)	
Petit-Cuénot	1890		St-Souplet (Nord)	
Petiteau	1869		Les Aubiers (Deux-Sèvres)	
Petitfour	1878		Ferrières (Loiret)	
Petitgand (T.-J.-M.)	1871		Gray (Hte-Saône)	
Petit Jean	1840	✶	Belfort (Ht-Rhin)	
Petitjean	1879		Jouarre (Seine-et-Mar.)	
Petitjean			Decize (Nièvre)	
Petitjean	1885		Rue Rieux 18, Boulogne-s.-Seine (Seine)	
Petitpas			St-Malo (Ille-et-Vilaine)	
Petitpierre			Givors (Rhône)	
