nom	année	notes	adresse	horaires
Bernard	1894		à Vauvert (Gard)	
Bernard	1851		Lion d'Angers (M.-et-L.)	
Bernard (Ed.)	1896		à Doué (M.-et-L.)	
Bernard	1882		Roubaix 28 (Lille)	
Bernard (E.)	1885		Forcalquier (B.-Alp.)	
Bernard	1881		Ambès (Gironde)	
Bernard	1854		Toulouse (Hte-Gar.)	
Bernard	1881		à Blaye (Gironde)	
Bernard	1883	O	Roubaix (Nord)	
Bernard (Félix)			à Plombières-les-Bains l'été	
Bernard	1892		Tourcoing (Nord)	
Bernard (H)	1881		Grenoble (Isère)	
Bernard	1885		Largicourt (Marne)	
Bernard	1860		La Flèche (Sarthe)	
Bernard			Juvisy-sur-Orge (S.-et-Oise)	
Bernard			Corbelin (Isère)	
Bernard	1876	✶	Dinard (Ille-et-Vil.)	
Bernard		✶ O	Voisey (Hte-Marne)	
Bernard	1868		Cherbourg (Manche)	
Bernard (N.)	1842	✶	St-Lô (Manche)	
Bernard	1879		Salernes (Var)	
Bernard	1885		Serverette (Lozère)	
Bernard (C.)	1847		Vienne (Isère)	
Bernard	1891		Tlemcen (Oran)	
Bernard	1878	✶	Toulon (Var)	
Bernard (Jean)	1897		à Amiens	
Bernard	1897		à Saulieu (Côte-d'Or)	
Bernardbeig	1894		Joinville, au Havre	
Bernasconi	1882		Bourg (Ain)	
Bernauer	1878		Oran (Oran)	
Bernay (M.)	1854		République 7, Lyon	
Bernay (P.)			St-Dominique 3, Lyon	
Berne	1854	✶	St-Joseph 12, Lyon (Rh.)	
Bernède	1883		à Villon-Riviere (Haute-Garonne.)	
Bernes-Lamarre	1896		à Peyre horade (Landes)	
Bernheim (H.)	1867	✶ O I	Nancy	
Bernier	1869		Trèbes, Capendu (Aude)	
Bernis	1895		Rivesaltes (Pyr.-Orient.)	
Bernou	1897		à Chateaubriant (L.-Inf.)	
Berquet	1884		Calais (Pas-de-Calais)	
Berrier			Bourgoin (Isère)	
Berrué	1876		Briouzé-St-Gervais (Orne)	
Berruzier	1880		Raucourt (Ardennes)	
Bert (Paul)	1890		Avallon (Yonne)	
Bert	1887		à Aurillac (Cantal)	
Bert			Benassais (Vienne)	
Bert			a Moutiers (Côte-d'Or)	
Bert (A.)	1896		République 75, à Lyon	
Bertail	1873		Ancy-le-Franc (Yonne)	
Bertaud			Nancras (Charente-Inférieure)	
Bertaux	1890	O	rue André 16, Lille	
Bertel	1880	m. H.	Le Havre (Seine-Inf.)	
Bertelé	1863		à Colomiers (Garonne)	
Bertet	1880		Le Croisic (Loire-Infér.)	
Berthaud	1853		Sancerre (Cher)	
Berthaud			Grand-Croix (Loire)	
Berthaut	1883		à St-Pons (Hérault)	
Berthaud			à Gueugnon (Saône-et-Loire)	
Berthe	1868		Le Cannet (Alpes-Marit.)	
Barthélemy	1880		Genicourt (Meuse)	
Berthélemy	1890		Braisne (Aisne)	
Berthelin			Troyes (Aube)	
Berthelin	1895		à Coulomiers (S.-et-M.)	
Berthelot	1864		La Chartre (Sarthe)	
Berthelot (M.-L.-M.)	1880		Pontarlier (Doubs)	
Berthelot			à Vivonne (Vienne)	
Berthet (J.)	1878		Taninges (Hte-Savoie)	
Berthet (P.)	1891		St-Joseph 6, Lyon	
Bertheux	1881		Rennes (Ille-et-Vilaine)	
Berthier		✶	Hospice de Bicêtre (Seine)	
Berthier	1876		Trévoux (Ain)	
Berthier	1876		Regnié (Rhône)	
Berthillon	1892		Mais.-Laffitte (S.-et-O.)	
Berthiot	1876		Héricy (S.-et-M.)	
Bertholon	1877		r. des Maltais 8, Tunis	
Bertholus	1888		Boën (Loire)	
Berthomier (C.-A.)	1874		à Vichy (All.)	
Berthomier (A.)	1875		Moulins (Allier)	
Berthomier	1895		à Blanzy (S.-et-L.)	
Berthomier			à Luc (Aude)	
Berthoud	1896		à Vitteaux (Côte-d'Or)	
Bertier			Thoissey (Ain)	
Bertin (E.)	1858	O	Montpellier (Hérault)	
Bertin	1888		à Montpellier (Hérault)	
Bertin	1894		Guyotville (Algérie)	
Bertin (G.)	1864		Nantes (Loire-Inf.)	
Bertin	1884		Brionne (Eure)	
Bertin du Château	1878		Vernon (Eure)	
Berton			Lignac (Indre)	
Berton	1887		Triel (Seine-et-Oise)	
Bertoye	1888		Villeurbanne (Rhône)	
Bertrac (S.)	1883		Lautrec (Tarn)	
Bertrand-Desminières	1858		à Benassois (Vienne)	
Bertrand	1892		Bény-Bocage (Calvados)	
Bertrand			à Nogent-sur-Aube (Aube)	
Bertrand (F.)	1877		La Celle-Dunoise (Cr)	
Bertrand	1894		Thiaucourt (M.-et-M.)	
Bertrand (G.)	1842		Lisle (Tarn)	
Bertrand			Luzy (Nièvre)	
Bertrand	1878		Mansle (Charente)	
Bertrand (Marius)	1895	✶ I	Toulon (Var)	
Bertrand	1896		à St-Loup (Hte-Saône)	
Bertrand	1886		à Neuilly (Aisne)	
Bertrand	1891		La Bourboule du 25 mai au 30 septembre Pont-du-Château (Puy-de-Dôme) du 1er octobre au 25 mai	
Bertrand	1889		Domène (Isère)	
Bertrand			Grenoble (Isère)	
Bertrand	1890		Lignières (Cher)	
Bertrand	1889		à Aix (Bches-du-Rhône)	
Bertrand	1874		Noirétable (Loire)	
Bertrand (C)	1873		✶ ✶, Roanne (Loire)	
