nom	année	notes	adresse	horaires
Martin	1888		à Constantine	
Martin			à Pouxeux (Meurthe-et-Mos.)	
Martin	1898		à Bécherel (Ille-et-Vilaine)	
Martin	1895		à La Roque (Lot-et-Gar.)	
Martin	1886		à Ouarre (Yonne)	
Martin (Od.)			Vichy (Allier)	
Martin	1899		La Rochelle (Char.-Inf.)	
Martin	1899		à St-Mesmin (Vendée)	
Martin du Magny	1885		Esprit-des-Lois 12, Bordeaux (Gironde)	
Martin-Dumagny	1855		à Montmorillon (Vienne)	
Martinais	1897		à Vitré (Ille-et-Vilaine)	
Martinencq		Méd. en chef de l'Asile des aliénés	à Amiens	
Martinenq			Grasse (Alpes-Maritimes)	
Martinet	1860		Piney (Aube)	
Martinet	1876		Ste-Foy-la-Grande (Gir.)	
Martinet (C.)	1879		Tournus (S.-et-L.)	
Martinet	1862		Villenauxe (Aube)	
Martinet	1897		à St-Pourçain (Allier)	
Martinet	1870		à Rugles (Eure)	
Martini	1897		Maisons Neuves, à Toulon	
Martre	1893		à Argelès (Pyr.-Orient)	
Marty	1871		Carcassonne (Aude)	
Marty	1880		Ferrals (Aude)	
Marty	1874		St-Cernin (Cantal)	
Marty	1886	✶	à Fleury (Aude)	
Marty (O.)	1892		Lisle (Dordogne)	
Marty	1873		Privezac (Aveyron)	
Marty	1877		à la Tour de Carol (P.-O.)	
Marty	1843	(Q)	Narbonne (Aude)	
Marty			Colomiers-Lasplagne (Hte-Gar.)	
Marty	1898		à Lacaune (Tarn)	
Marty	1897		à Aix-les-Bains (Savoie)	
Martz			Chalon-s-Saône	
Marula	1885		à Roanne (Loire)	
Mary (H.)	1890		à Nanterre (Seine)	
Mary	1895		Ouveillan (Aude)	
Mary	1896		à Gaillon (Eure)	
Mary			à Nanterre (Seine)	
Mas	1896		à Lodève (Hérault)	
Masbarret-du-Basty	1875		St-Léonard (Hte-Vienne)	
Masbrenier	1872	✶ (Q)	Melun (S-et-M.)	
Mascarel	1872		Brulon (Sarthe)	
Mascarel (J.)	1844		à Châtellerault (Vienne) l'hiver; au Mont-d'Or l'été	
Mascarel	1890		Châtellerault (Vienne), l'été au Mont-d'Or (Puy-de-Dôme)	
Mascarel	1899		à Santigny (Yonne)	
Mascarel	1898		à Chartre (Sarthe)	
Mascarène de Ressac	1875		Senlis (O)	
Masclanis	1882		Ramouzens (Gers)	
Maschat (M.)	1883		Tulle (Corrèze)	
Maschat	1887		à St-Paul (Corrèze)	
Masqueray	1896		Auffray (Seine-Inf.)	
Masquin-Masson	1899		St-Didier (Vau.)	
Massad	1899		à St-Henri, Marseille	
Massal	1896		à Uchaud (Gard)	
Masmonteil (P.)	1874		Treignac (Cor.)	
Massaloux	1883		à Felletin (Creuse)	
Massaloux-Lamonerie	1883		Felletin (Creuse)	
Massard (E.)	1872		Honfleur (Calvados)	
Massay	1852		à St-Martin (Cher)	
Masse	1888		Château-Villain (Hte-Mar.)	
Massé	1866	(Q)	du Manège 22, Bordeaux	
Massé	1895		à La Rochelle (Char-Inf.)	
Masseron	1883		Savenay (L.-Inferieure)	
Massey	1895		à Lupiac (Gers)	
Massia (de)	1851		Molitg (Py.-Or.)	
Massie (C.-M.)	1844		Habas (Landes)	
Massie (F.)	1875		Labatut (Landes)	
Massie			Landerneau (Finistère)	
Massier	1898		av. Victor-Hugo, Nice	
Massin (F.-A.)	1858	✶	Vauconcourt (H.-Saône)	
Massina	1862		Vernet-les-Bains (Pyr.-O.)	
Massol (L.)	1866		Albi (Tarn)	
Massol	1898		à St-Juéry (Tarn)	
Masson	1873		Auxerre (Yonne)	
Masson fils	1899		à Auxerre (Yonne)	
Masson	1892		Frétigney (H.-Saône)	
Masson	1878		Chambéry (Savoie)	
Masson	1879		à Tullins (Isère)	
Masson	1896		à Tilly (Calvados)	
Masson	1896		à Avignon (Vaucluse)	
Masson (J)	1878		Fère-Champenoise	
Masson (A.)	1879		Issoudun (Indre)	
Masson	1881		Cours Liberté 33, Lyon	
Masson	1884		Grandis (Rhône)	
Masson	1888		Marcq-en-Barœul (Nord)	
Masson (H)	1865		Raon-l'Etape (Vosges)	
Masson	1878		Liginiac-de-St-Félix (Cor.)	
Masson	1894		Orange (Vaucluse)	
Massonet	1897		à Alma (Alger)	
Massoni	1878		à Calvi (Corse)	
Massonié (O.-A.)	1876		Verdun-sur-Garonne (T.-et-Gar.)	
Massonnier			Grenade-s.-Gar. (H.-Gar)	
Massot (J.)	1873	✶ (Q)	Perpignan	
Massot	1899		Roquebrune (Var)	
Massu	1872		Chaumont-Porcien (Ard.)	
Massy	1886		Victoire-Américaine 5, Bord.	
Matey	1884		Castéra-Verduzan (Gers)	
Mathé	1864		la Ferté-St-Aubin (Loiret)	
Mathelin			St-Georges-de-Reneins (Rh.)	
Mathelin	1888		Doulevant-le-Château (Hte-Marne)	
Mathey (L.-J.)	1857	✶	Ghurey (S-et-L.)	
Mathey (M.)	1894		Mouthier (Doubs)	
Mathieu	1890		Hauteville (Ain)	
Mathieu	1850		Langogne (Lozère)	
Mathieu	1849		Confort 14, Lyon (Rhône)	
Mathieu	1897		à Charmes (Vosges)	
Mathieu	1898		à Ste-Menehould (Marne)	
Mathieu			à Wimille (Pas-de-Calais)	
