nom	année	notes	adresse	horaires
Cayla fils	1882	✶	Bergerac (Dordogne)	
Cayla	1874		Ginestas (Aude)	
Cayla	1882		Sauteyron 55, Bordeaux	
Cayla (A.)	1887		a. de Neuilly 31, (Seine)	
Caylus	1889		Cordes (Tarn)	
Cayre	1900		à Chelle-Debat (H.-Pyr.)	
Cazaban	1895		à Arcachon (Gironde)	
Cazade	1893		Ossun (Htes-Pyr.)	
Cazal (H.)	1849		Pt-St-Esprit (Gard)	
Cazal	1887		à Aurillac (Cantal)	
Cazal	1897		à Toulouse	
Cazal (du)	1867	✶	rue Blatin 41, Clermont-Ferrand	
Cazalas	1894		à Castelnau-Magnoac (Htes-Pyrénées)	
Cazalas	1876		Bagnères-de-Big. (H.-Pyr.)	
Cazalis			Aix-les-Bains (Savoie)	
Cazalis	1874		Cannes (Alp.-Marit.)	
Cazalis			Mont-Dore (P.-de-Dôme)	
Cazalis	1896		à Béziers (Hérault)	
Cazals	1895		à Especel (Aude)	
Cazaubon fils	1887		à Arengosse (Landes)	
Cazauvieilh (R.)	1884		Belin (Gir.)	
Cazaux (M.)	1872		Oloron (B.-Pyrén.)	
Cazaux	1867	✶	Eaux-Bonnes (B.-Pyr.)	
Cazaux fils	1888		Lue (Landes)	
Cazaux	1899		à Rauzan (Gironde)	
Cazdentre	1896		à St-Clar (Gers)	
Cazeaux (J.-L.)	1859		Langaran (Gir.)	
Cazelles	1892		Gr.-Persigny (I.-et-L.)	
Cazeneuve	1875		St-Girons (Ariège)	
Cazeneuve	1883		à Pessac (Gironde)	
Cazeneuve (P.)			av. Noailles 23 (Lyon)	
Cazeneuve	1879	✶	q St-Vincent 21, Lyon	
Cazenove	1893		à Carcassonne (Aude)	
Cazes	1870	O	Aspet (Hte-Garonne)	
Cazes	1895		à Toulouse	
Cazes (J.)	1860		Nogaro (Gers)	
Cazes			Fontances (Lot)	
Cazes	1877		Caudéran (Gironde)	
Cazet	1869		Tain (Drôme)	
Cazin	1897		à Calais	
Cazin			Traverse-des-Chapitre 6, Marseille	
Cazy (P.-M.)	1881		Evaux (Creuse)	
Ceccaldi	1870		à Ajaccio (Corse)	
Céide	1885		à Cayenne (Guyane française)	
Célice (L.)	1874	‡	Dun-sur-Meuse (Mse)	
Cellard			Volnay (Côte-d'Or)	
Celles	1885		Moissy-Cramayel (S.-et-M.)	
Cellier	1877		Laval (Mayenne)	
Cels (R.)			à Luzarches (Seine-et-Oise)	
Celse (Mlle)	1899		à Arras	
Cénac (M.)	1861		Argelès (Htes-Pyrénées)	
Cénac (P.-M.-P.-A.)	1877		Lombez (Gers)	
Cenas	1884		St-Etienne (Loire)	
Censier	1890		à Bagnoles-de-l'Orne, l'été. A Paris, l'hiver	
Cep	1896		à Salies (Haute-Garonne)	
Cerf	1895		à Angers (Maine-et-Loire)	
Cerné (A.)	1881	Q I O	Rouen (S.-Inf.)	
Cernéa			à Conzy (Marne)	
Cerou (J.)			Meyssac (Corrèze)	
Cersoy (P.-M.)	1866		Langres (H.-Marne)	
Céry (G.)	1892		Bouzy (Marne)	
César			Culoz (Ain)	
César	1894		à Chindrieux (Savoie)	
Cesara			Pontorson (Manche)	
Césary			pl. du Théâtre (Alger)	
Cesbron	1878		Marines (S.-et-Oise)	
Cesbron	1881		Le Frilet (M.-et-L.)	
Cestan (E.)	1854	✶	Gaillac (Tarn)	
Cestan			à Toulouse	
Cétre	1898		à Fraisans (Jura)	
Cezilly (H.)			à Vichy (Allier)	
Chabalier	1890		Présid.-Carnot 3, Lyon	
Chabaillier	1875		Romans (Drôme)	
Chabanet	1887		Riom (P.-de-D.)	
Chalançon	1891		Relizane (Oran)	
Chabannes (L.)			Vals (Ardèche)	
Chabanon	1870		Villefort (Lozère)	
Chabardès	1878		Magolas (Hérault)	
Chabasse	1889		Thors(Ch.-Inf.)	
Chabassu			Brest (Finistère)	
Chabaud	1883		Toulon-s.-mer (Var)	
Chabaud	1877		à Nieigles (Ardèche)	
Chabaud	1885		r. St-Bernard 17, Toulouse (Haute-Garonne)	
Chabaud			Ch. St-Just 14, Marseille	
Chabbert			Toulouse (Haute-Garonne), et Bagnères-de-Bigorre, pendant l'été	
Chabenat (M.)	1874		La Châtre (Indre)	
Chaber			Royan (Charente-Int.)	
Chabert	1884		Nice (A.-Maritimes)	
Chabert	1884		b. du Musée 44, Mars.	
Chabert (A.)	1883		Roquemaure (Gard)	
Chabert	1879	✶	Seiches (M.-et-Loire)	
Chabert	1884		à St-Donat (Drôme)	
Chabert (de)	1880		Roubaix (Nord)	
Chabert			Divonne (Ain)	
Charbonneau			à Genlis (Côte-d'Or)	
Chabory (Léon)			au Mont-Dor (P.-de-D.)	
Chabot	1886		à St-Maixent (Deux-Sèvres)	
Chabot	1896		à la Seyne (Basses-Alpes)	
Chaboureau	1878		Châtillon-sur-Loire (Loiret)	
Chaboud	1875		à Aix (Savoie)	
Chaboux	1879		Belley (Ain)	
Chaboux	1875		Gabbe-Rocqueb (A.-M.)	
Chabranx	1894		Au Mées (Bses-Alpes)	
Chabriac			à Littry (Calvados)	
Chabrié	1894		Castelnau (Hte-Gar.)	
Chabrier (L. V.)	1860		Aix (B.-du-Rh.)	
Chabrier	1880		Availles-Limouzine (Vienne)	
Chabrol	1885		Vichy (Allier)	
Chabrun	1878		Mayenne (Mayenne)	
Chachereau (M.-P.-E.)	1884		Nantes	
Chadefaux			Rochefort (Puy-de-Dôme)	
