nom	année	notes	adresse	horaires
Moulin	1895		Doulaincourt (Hte-M.)	
Moulin			Cuel (Seine-Inférieure)	
Moulin	1902		Corcieux (Vosges)	
Moulin	1902		St-Martin (Ardèche)	
Moulin-Macquart	1897		Naives (Meuse)	
Moulinet (L.)	1860	✶	Bourg-sur-Gir. (Gironde)	
Moulinié	1887		Chamborigaud (Gard)	
Moulinier	1879	✶ I	Excideuil (Dordogne)	
Moulinier			Avenue Garibaldi, Limoges (Haute-Vienne)	
Moullade	1892		Néronde (Loire)	
Moulin	1894		Nogent-le-Rotrou (Eure-et-Loir)	
Moulonguet	1889	✥	Amiens (Somme)	
Mounier (E.)	1868		Tence (Hte-Loire)	
Mounier	1878	✥	La Ferté (Loiret)	
Mounier	1901		Ricamarie (Loire)	
Mounon	1891		Geaune (Landes)	
Mouras	1901		Nouzon (Ardennes)	
Moure	1883		Maransin (Gironde)	
Moure	1874		St-André-de-Cubzac (Gir.)	
Mouret	1892		Brioude (Hte-Loire)	
Mouret		✥	Montpellier (Hérault)	
Moureton	1863		Vienne (Isère)	
Mourette fils	1896		St-Quentin (Aisne)	
Mourey (S.)	1882		Juilly (S.-et-Marne)	
Mourgue (P.)	1873	✥ I.	Nîmes (Gard)	
Mourié	1894		Surgères (Charente-Inférieure)	
Mourier	1896		Vezenobres (Gard)	
Mourier	1890		Alais (Gard)	
Mouris y Fernandez (J.)	1876		Marais 7, Bordeaux	
Mourlot			Combeaufontaine (Hte-Saône)	
Mournaud	1902		St-Etienne (Loire)	
Mourre	1900		Lorgues (Var)	
Mourret (Ch.)			Nemours (S.-et-M.)	
Mourreton			Vienne (Isère)	
Mourruau	1887		Tours	
Mousnier	1876		Javerlhac (Dord.)	
Moussard	1900		Thurin (Rhône)	
Moussaron			Canet (Aude)	
Moussault	1902		Nantes	
Moussé	1877		Pont-sur-Seine (Aube)	
Mousset			St-Angeau (Charente)	
Mousson-Lanauze	1901		Saint-Mandé (Seine.)	
Moussous (L.-D.)	1846	✶	d'Aviau 38, Bordeaux (Gironde)	
Moussous (fils)	1885	✥ I	Jardin-Public 12, Bordeaux (Gironde)	
Moustelon	1875		Montpeyroux (Hérault)	
Mousteu	1862		Vincennes (Seine)	
Moutagard			Endoume 81, Marseille	
Moutet	1879		Mustapha (Alger)	
Moutfort			Senac, 21, Marseille	
Mouthon	1897		Faverges (Hte-Savoie)	
Moutier	1875	✶ I	Caen (Calvados)	
Moutier (E.)	1855	✥	Montargis (Loiret)	
Moutier	1898		Angers	
Moutin			route de la Reine 36, Boulogne (Seine)	
Mouton	1890		Epieds (Loiret)	
Mouton	1854		Tanlay (Yonne.)	
Mouton			Maroilles (Nord)	
Mouton	1897		Le Sap (Orne)	
Mouveroux fils	1876		Montluel (Ain)	
Mouveroux	1880		Aixe (Hte-Vienne)	
Mouzin-Lysis	1899		Eauze (Gers)	
Moy	1875		Moncontour (Côtes-du-Nord)	
Moynac	1874		Bayonne (Basses-Pyr.)	
Moyroud	1899		Montbrison (Loire)	
Moyzes	1902		Arcachon (Gironde)	
Moziman	1872		Faugères (Hérault)	
M'Roé	1879		Aix-les-Bains (Savoie) et à Bonne	
Mugnerot	1889		Tours-sur-Marne (M.)	
Mugnier-Motat	1885		Leré (Cher)	
Mugniéry	1889		Vauban 12, Lyon	
Mulé	1879		Rieumes (Hte-Garonne)	
Mulé	1846		l'Isle-en-Jourdan (Gers)	
Muleur	1884		Grasse (Alpes-Mar.)	
Muller	1872		Andance (Ardèche)	
Muller	1870		Les Rosiers (M.-et-L.)	
Muller			Dangeau (Eure-et-Loir)	
Muller	1901		Rilly-la-Montagne (Marne)	
Mullette	1886	✶	Pont-Ste-Maxence (O.)	
Mulliez	1893		Comines (Nord)	
Mullois	1881		Angers (M.-et-Loire)	
Mullot	1885		Choisy-en-Brie (S.-et-M.)	
Munière	1876		Bouafle (S-et-O.)	
Munot (V.)	1885		Chalon-sur-Saône (S.-et-Loire)	
Murart			Espira (Htes-Pyrénées)	
Murat	1896		Alger	
Murat	1902		Belvès (Dordogne)	
Murgue	1900		St-Symphorien S.-C.(R.)	
Murier (E.)	1897		Le Lion d'Angers (Maine-et-Loire)	
Murjas	1901		Poncin (Ain)	
Murray	1890		Nevers (Nièvre)	
Murray	1865		St-Servan (Ille-et-Vill.)	
Muselli	1881		Mérignac (Gironde)	
Musgrave-Clay (de)	1879		Salies-de-Bearn (Basses-Pyrénées)	
Musy	1876		cours Vitton 53, Lyon	
Mutelet	1898		Mangiennes (Meuse)	
Naamé			rue d'Italie (Tunis)	
Nabias	1886	✶ I	Bordeaux (Gironde)	
Nadaud	1893		Bordj-Menaul (Alger)	
Naldi	1846	✥	Nice (A.-Maritimes)	
Nalin	1878		Mane (B.-Alpes)	
Nanard	1893		Bourgeneuf (Creuse)	
Napieralski (E.)	1870		Pont-Audemer (Eure)	
Napieralski	1901		id.	
Narboni	1894		Alger	
Narbonne	1881		Narbonne (Aude)	
Narbonne	1899		Chambon (Loiret)	
Nargaud (A.)	1873		Besançon (Doubs)	
Narjoux	1895		Lunery (Cher)	
Nass	1898		Vincennes (Seine)	
Nasser	1882		Bourg-Argental (Loire)	
Nau	1899		Champigny (Seine)	
Naud (P.-M.)	1868		Saintes (Charente-Inférieure)	
