nom	année	notes	adresse	horaires
Richard			Le Hâvre (Seine-Inf.)	
Richard	1902		Simandre (S. et L.)	
Richard	1903		Yvetot (Seine Inf.)	
Richard	1898		à Joinville (Hte-Marne)	
Richard	1900		à Havrincourt (Pas-de-C.)	
Richard-Lesay	1876		Lille (N.)	
Richardot	1896		Blidah (Alger)	
Richaud	1877		Reillane (Basses-Alp.)	
Richaud	1896		Ginasservis (Var)	
Richault			Etrechy (S.-et-Oise)	
Riche (C.)	1874		Jeumont (Nord)	
Riche			Bruys 15, Marseille	
Richelet	1896		à Charleville (Ardennes)	
Richepin	1875		à Hirson (Aisne)	
Richerolles	1891		Montluçon (Allier)	
Richez (P.)			à Crèvecœur (Nord)	
Richon	1899		à Nancy (Meurthe-et-M.)	
Ricolacci	1899		St-Etienne (Loire)	
Ricome	1891		St-Julien (Hte-Loire)	
Ricordel	1892		Joué-s.-Erdre (Loire-Inf.)	
Ricoubleau	1901		St-Etienne-du-Bois (Vendée)	
Ricoux	1867		Philippeville (Constantine)	
Ricoux	1898		Philippeville (Constantine)	
Ricoux	1901		St-Cyr-le-G. (Mayenne)	
Ricoux	1884		Vallier 3 ter, Levallois-Perret (Seine)	
Rieaux	1878		à Bessenay (Rhône)	
Riel	1888		Bd Croix-Rousse 122, Lyon	
Riera y Bezzina	1883		à Oran	
Rieu	1899		Bessège (Gard)	
Rieussec	1880		Causne (Aude)	
Riey (G)			Montpellier (Hérault)	
Rifaux	1899		à Chalon-sur-Saône	
Riffé	1896		à à Coulonges (Deux-Sèvres)	
Rigabert	1894		Marly (S. et O.)	
Rigaillaud	1865		Blanzac (Charente)	
Rigal	1902		Joinville (Eure-et-Loir)	
Rigaud (de)	1876		Jegun (Gers)	
Rigaud			Fleac (Charente-Inrérieure)	
Rigaud	1873		le Bazoge (Sarthe)	
Rigaud			Milly (Seine-et Oise)	
Rigault			St-Quentin (Aisne)	
Rigaux	1889		St-Quentin (Aisne)	
Rignier	1900		Sommévoire (Hte-Marne)	
Rigodon	1874		Montbrison (Loire)	
Rigollet	1900		St-Paul-en-Jarret (Loire)	
Rigollet	1901		Jaulnay (Vienne)	
Rigot	1900		St-Chamond (Loire)	
Rigot			au Raincy (Seine-et-Oise)	
Rilhac	1899		à Estissac (Aube)	
Ringot			Condé-s.-Escaut (Nord)	
Ringuet (M.)	1879		Trelon (Nord)	
Rinuy	1897		Olincourt (Somme)	
Riol (S.)	1880		Pierrefort (Cantal)	
Riollet	1901		Dun (Creuse)	
Riom-Picarougne	1892		St-Denis (S.)	
Rioms	1868		Eymet (Dordogne)	
Riory	1898		à Chabeuil (Drôme)	
Riou (J.)			Beauvoir (Vendée)	
Riou	1898		à Plondalmézeau (Finistère)	
Riou	1902		St-Etienne (Loire)	
Rioufol	1899		à Valence (Drôme)	
Riou-Kérangal	1884		Bouglon (Lot et-Garonne)	
Ripault	1895		à Dijon (Côte-d'Or)	
Ripert	1897		à Fumay (Ardennes)	
Rique	1901		Beaumont (Dordogne)	
Riquet	1899		à Cavignac (Gironde)	
Rispal			all. Lafayette 5, Toulouse	
Riss	1900		à Belfort	
Riss			Paradis 164, Marseille	
Rist	1869		Versailles (Seine-et-Oise)	
Rit	1869		Fontenay-sous-Bois (Seine)	
Ritti		Méd. de la maison nationale de	Charenton (Seine)	
Riu	1875		Orléans (Loiret)	
Rivallier	1889		Asnières (Seine)	
Rivals (M.)	1882		cours de l'Intendance 55, Bordeaux (Gironde)	
Rivalta	1898		à Châteauroux (Indre)	
Rivaud	1864		St-Denis-d'Anjou (May.)	
Rivaud (L.)	1880		Tlemcen (Oran)	
Rivernale	1899		Montbazens (Aveyron)	
Rivet	1894		rue Paré 1, Nantes (Loire-Inférieure)	
Rivet (Emm.)	1897		à Angers	
Rivière	1891		à Malvezie (Haute-Gar.)	
Rivière			du Plat 7, Lyon (Rhône)	
Rivière	1897		à Rennes	
Rivière	1882		Devise 12, Bordeaux	
Rivière	1902		Bordeaux	
Rivière	1902		Lasseub (Gers)	
Rivière	1895		Lanta (Haute-Garonne)	
Rivière	1901		Castillon (Gironde)	
Rivière (P.)	1898		Bordeaux	
Rivoire (M. et Mad.)	1898		av. Gare 23, à Nice	
Rivron	1897		pl. Royale 11, Nantes	
Robbaz	1901		Alger	
Robert	1881		Annoire (Jura)	
Robert (L.-V.-E.)	1882		Arbois (Jura)	
Robert			Le Chesnay (Seine-et-Oise)	
Robert (E.)	1878		Dol (Ille-et-Vil.)	
Robert (J.)	1873		q. de la Guillotière 28, Lyon (Rhône)	
Robert	1896		St-Jean-Soligmieux (Loire	
Robert (Melch.			Sainte 38, Marseille	
Robert			Rotonde 16, Marseille	
Robert			à St-Quentin (Aisne)	
Robert (J.-M.) fils	1880		Malestroit (Morbihan)	
Robert	1894		St-Fort (Charente-Inf.)	
Robert	1874		Taylor 7, à Pau (B-P.)	
Robert (G.)	1866		St-Mihiel (Meuse)	
Robert	1897		à Blain (Loire-Inf.)	
Robert (Em.)	1897		à Guer (Morbihan)	
Robert			à Guiscard (Oise)	
Robert			au Teil (Ardèche)	
Robert	1899		à Salers (Cantal)	
Robert			à Cambrai (Nord)	
Robert			à Dunkerque (Nord)	
