nom	année	notes	adresse	horaires
Bernheim	1899		à Clichy (Seine)	
Bernier	1869		Trèbes, Capendu (Aude)	
Bernis	1895		Rivesaltes (Pyr.-Orient.)	
Bernou	1897		à Chateaubriant (L.-I.)	
Bernson			d'Artois 67, à Lille	
Bernuchon	1896		Nontcontour (Vienne)	
Berquet	1884	✶	Calais (Pas-de-Calais)	
Berre	1900		av. Prado 22, Marseille	
Berrest	1901		Pleurtuit (Ille-et-Vilaine)	
Berrier	1902		Houdan (Seine-et-Oise)	
Berrué	1876		Briouzé-St-Gervais (Orne)	
Berruzier	1880		Raucourt (Ardennes)	
Bert (P.)	1890		La Grau (Gard)	
Bert	1901		Bordeaux	
Bert	1887		à Aurillac (Cantal)	
Bert			à Moutiers (Côte-d'Or)	
Bert (A.)	1896		Servient 5, à Lyon	
Bertaud			Nancras (Charente-Inférieure)	
Bertaux	1890	✶	rue André 16, Lille	
Bertel	1880	M. H.	Le Havre (Seine-Inf.)	
Bertelé	1863		à Colomiers (Garonne)	
Bertemes	1900		Charleville (Ardennes)	
Berthail			à Firminy (Loire)	
Berthaud	1853	✶	Sancerre (Cher)	
Berthaud			St-Paul-en-Jarret (Loire)	
Berthaut	1883		à St-Pons (Hérault)	
Berthe	1808		Gagny (Seine-et-Oise)	
Berthélemy	1890		Braisne (Aisne)	
Berthelin	1895		Pont-sur-Yonne	
Berthelot	1880		Pontarlier (Doubs)	
Berthelot			à Vivonne (Vienne)	
Berthelot	1856		St-Brice (Ille-et-Vilaine)	
Berthet (J.)	1878		Taninges (H.-Savoie)	
Berthet (P.)	1891		St-Joseph 6, Lyon	
Bertheux	1881	✶	Rennes (Ille-et-Vil.)	
Berthier	1876		Thoissy (Ain)	
Berthier	1876		Regnié (Rhône)	
Berthier	1899		à Troyes (Aube)	
Berthier	1899		à Gien (Loiret)	
Berthillon	1892		Maisons-Laffitte (S.-et-O.)	
Bertholet	1888		Toulon (Var)	
Berthollet	1864		à Grenoble (Isère)	
Bertholon	1877	✶	des Maltais 8, Tunis	
Bertholus	1888		Boën (Loire)	
Berthomier (C.-A.)	1874		à Vichy (All.)	
Berthomier (A.)	1875	✶	Moulins (All.)	
Bertonnier	1895		à Blanzy (S.-et-L.)	
Berthomier			à Luc (Aude)	
Berthoud	1896		à Vitteaux (Côte-d'Or)	
nertignon	1901		Monthermé (Ardennes)	
Bertin	1894		Guyotville (Algérie)	
Bertin (G.)	1864		Nantes (Loire-Inf.)	
Bertin fils			Nantes	
Bertin (Em.)			Jacquemars Giélé 108, Lille	
Bertin	1884		Brionne (Eure)	
Bertin	1859		à Gray (Hte-Saône)	
Bertin du Château	1878		Vernon (Eure)	
Berton	1887	✶	Triel (Seine-et-Oise)	
Berton	1900		Chateauroux (Indre)	
Berton	1899		à Sorges (Dordogne)	
Berton			à Lille	
Bertoye	1888		Villeurbanne (Rhône)	
Bertrand	1867		St-Florentin (Yonne)	
Bertrand	1892		Bény-Bocage (Calvados)	
Bertrand			à Nogent-sur-Aube (Aube)	
Bertrand (F.)	1877		La Celle-Dunoise (Cr)	
Bertrand	1894		Autun (S.-et-L.)	
Bertrand	1878		Mansle (Charente)	
Bertrand	1896		à St-Loup (Hte-Saône)	
Bertrand	1889	✶	Domène (Isère)	
Bertrand			Grenoble (Isère)	
Bertrand	1890	✶	Lignières (Cher)	
Bertrand	1889		à Aix (Bches-du-Rhône)	
Bertrand	1874		Noirétable (Loire)	
Bertrand (G.)	1873	✶ I	Roanne (Loire)	
Bertrand	1898		à Rouen (Seine-Inf.)	
Bertrand (J.G.)	1865		Sail-s-Couzan (L.)	
Bertrand	1900		Creusot (S.-et-L.)	
Bertrand	1856	✶ I	à Neauphle (S.-et-O.)	
Bertrand			Beure (Doubs)	
Bertrand			à St-Parres (Aube)	
Bertrand	1891	✶	Consenvoye (Meuse)	
Bertrand	1896		à Chateaurenard (Loiret)	
Bertrand	1902		Bessines (Hte-Vienne)	
Bertrand-Laüze			Alais (Gard)	
Bertreux	1883		Villevêque (M.-et-L.)	
Bertrin (P.)	1856		St-Bazeille (Lot-et-G)	
Bertrin	1885		Brie-Cte-Robert (S.-et-M.)	
Bertucat	1900		St-Bonnet (Loire)	
Berty	1893		Courtenay (Loiret)	
Bés	1896		Languèsne (Tarn-et-Geronne)	
Besançon	1881		Villefranche (Rhône)	
Besairie			à St-Constant (Cantal)	
Besnard	1887		Châteauneuf (Ille-et-Vil.)	
Besnard			à Bressuire (Deux-Sèvres)	
Besnier	1894		Bonnétable (Sarthe)	
Besnier	1902		Dinard (Ille-et-Vilaine)	
Bessa	1902		Muzillac (Morbihan)	
Bessette (E.)	1852	✶ ✶	Angoulême	
Bessière			à Autignac (Hérault)	
Bessières	1884		à Clarensac (Gard)	
Bessières	1885		Castelnau-de-Mont (Lot)	
Bessières			à Mende (Lozère)	
Besson	1879		Montluçon (Allier)	
Besson	1869		Villefranche (Aveyron)	
Besson	1888	✶	à Bourges (Cher)	
Besson		✶ I	St-Jeoire (Hte-Savoie)	
Besson	1900		sq. Rameau 17, Lille	
Besson	1900		Grenoble (Isère)	
Besson	1902		Châlon-sur-Saône	
Bessonnet	1898		à Poitiers (Vienne)	
Bestion de Camboulas	1898		à St-Yrieux (Hte-Vienne)	
Betaillouloux	1881		à Pirou (Manche)	
Bethout			St-Germain-les-Belles-Filles (Hte-Vienne)	
Betous			à Barèges (l'été)	
Bettoux			r. Lodi 8, Marseille	
Bettremieux	1885		Roubaix (Nord)	
Beuf (H.)	1871		Flayose (Var)	
Beuf	1899		Villefranche (Rhône)	
Beuf (C.)			Devilliers 7, Marseille	
Beugnies-Corbeau	1878		à Givet (Ardennes)	
Beugnon	1877		Flogny (Yonne)	
Beugnon	1872		Melun (S.-et-M.)	
Beulagues	1901		Mustapha (Alger)	
Beulque	1893		Tourcoing (Nord)	
Beunat	1896		à Nice	
Beuve	1657		Dammartin (Seine-et-Marne)	
Beuve	1885		Dammartin (Seine-et-M.)	
Bévalet (L.)	1857		Fraisans (Jura)	
