nom	année	notes	adresse	horaires
Pérochaux			Nantes (Loire-Inf.)	
Pernot			Ch. du Midi 32, Lyon (Rhône)	
Péron			Asnières (Seine)	
Péronaux	1883		Romainville (Seine)	
Péronne	1870		Sedan (Ardennes)	
Péronne (E.-J.-B.)	1863		Sens (Yonne)	
Perrachon (J.)	1883		Montcenis (Saône-et-Loire)	
Perreau (M)	1880		Saumur (Maine-et-Loire)	
Perret		l'Hôt.-de-Ville 79, Lyon (Rhône)	
Perret (F.)	1864		Rennes (Ille-et-Vil.)	
Perretti	1883		Mercier-Lacombe (Oran)	
Perreymond	1874		Grignan (Drôme)	
Perreymond	1867		Toulon-sur-Mer (Var)	
Perrichon (F.)	1875		Vienne (Isère)	
Perrichot	1880		Havre (Seine-Infér.)	
Perrier	1868		Asnières (Seine)	
Perrier	1851		La Charité (Nièvre)	
Perrier (L.)	1862		Nîmes (Gard)	
Perrier			Nantes (Loire-Inférieure)	
Perrier (F.)	1866		Valleraugue (Gard)	
Perrigaut (V.)	1865		Vernantes (Maine-et-Loire)	
Perrimond (F.-L.-J.)	1875		Montauroux (Var)	
Perrin	1865		Argentan (Orne)	
Perrin			Cusset (Allier)	
Perrin (T.)	1814		Pyramides 6, Lyon (Rhône)	
Perrin (J.)			Paradis 42, Marseille (Bches-du-Rhône)	
Perrin (A.)	1882		St-Claude (Jura.)	
Perriquet	1874		Beuzeville (Eure)	
Perrochaud	1840	✶	Siblequin 35, Boulogne-sur-Mer (Pas-de-Calais)	
Perrolaz	1878		Berrouaghia (Alger)	
Perron (C.-F.)	1853		Besançon (Doubs)	
Perronnet (C.)	1882		Thomassin 22, Lyon (Rhône)	
Perrot ?			Néris-les-Bains (Allier)	
Perriot (J.-F.)	1855		St-Amour (Jura)	
Perrotin (C.)	1862		Breuil-Barret, (Vendée)	
Perrotin	1882		Chambéry (Savoie)	
Perrotte	1857		Confrançon, (Ain)	
Perroud	1848		q des Célestins 6, Lyon (Rhône)	
Perruchet	1858		St-Trivier-de-Courtes (Ain)	
Perrussault (J.-D.)	1851	✶	Henrichemont, (Cher)	
Perrusset (G.-M.)	1875		Mâcon (Saône-et-Loire)	
Pery (G.-M.)	1859		Victor-Hugo 59, Bordeaux (Gironde)	
Persac	1859		Buchy (Seine-Inf.)	
Persy	1887		au Mans (Sarthe)	
Pesme	1868		Ville-sur-Terre, (Aube)	
Peste (J.-L.)	1849		Beaune (Côte-d'Or)	
Pétel	1879		Rouen (Seine-Inf.)	
Pétel (P.)	1855		St-Georges-de-Reintembault (Ille-et-Vilaine)	
Petiau (E.)	1875		Château-Renault (Indre-et-Loire)	
Petit	1868		Aix-les-Bains (Savoie)	
Petit	1863		Archignat (Allier)	
Petit (L.-F.)	1870		Aubusson (Creuse)	
Petit (J.)	1871		Barenton (Manche)	
Petit	1875		Carcassonne (Aude)	
Petit	1879		Cette (Hérault)	
Petit	1876		Charly (Aisne)	
Petit	1852		Château-Thierry (Aisne)	
Petit ?			Montreuil (Aisne)	
Petit	1868		Clermont-Ferrand (P.-de-D.)	
Petit			Longeau (Hte-Marne)	
Petit (P.-A.)	1835		Louhans (Saône-et-Loire)	
Petit (J.)	1876		Montbard (Côte-d'Or)	
Petit	1870		Montereau (Seine-et-Marne)	
Petit	1849		Moulins (Allier)	
Petit			Neufchâtel-en-Braye (Seine-Inf.)	
Petit			Pont-sur-Yonne (Yonne)	
Petit (R.)	1867		Rennes (Ille-et-Vilaine)	
Petit			Royat (Puy-de-Dôme)	
Petit	1878		St-Pierre-d'Albigny (Savoie)	
Petit	1874		St-Soupplets (Seine-et-Marne)	
Petit (L.-H.)	1854		Toury (Eure-et-Loir)	
Petit fils (A.-D.)	1873		Vierzon (Cher)	
Petit-Bregnat (F.)	1872		Fleury-sur-Andelle (Eure)	
Petitclerc	1880		Rouen (Seine-Inf.)	
Petiteau	1869		Les Aubiers (Deux-Sèvres)	
Petiteau (M.)	1840		Les Sables d'Olonne (Vendée)	
Petitfour	1878		Ferrières (Loiret)	
Petitgand (T.-J.-M.)	1871		Gray (Hte-Saône)	
Petitjean			Acy-en-Mulcien (Oise)	
Petit-Jean (H.)	1839	✶	Belfort (Ht-Rhin)	
Petit-Jean (J.)	1880		Faucogney (Hte-Saône)	
Petitjean (J.-J.)	1861		Flacey, (Saône-et-Loire)	
Petitjean (H.)	1874		Seurre (Côte-d'Or)	
Petitjean	1885		Veurdre, (Allier)	
Peton (J.-H.)	1879		Saumur (Maine-et-Loire)	
Petrucci			St-Gemmes-sur-Loire, (Maine-et-Loire)	
Peu			St-Esprit, La Martinique (Amérique)	
Peugnez	1885		Asnières (Seine)	
Peujade (U.)	1858		Caylux (Tarn-et-Garonne)
