nom	année	notes	adresse	horaires
Pénard	1857		Rochefort (Char.-Inf.)	
Pénard (L.)	1848	✶	Colbert 4, Versailles (Seine-et-Oise)	
Pénin de la Mondie (A.)	1849		Le Blanc (Indre)	
Pennetier (G.)	1865		Rouen (Seine-Inférieure)	
Pépie (E.-C.)	1861		Arpajon (Seine-et-Oise)	
Percepied		Méd. consult. au Mont-Dore (Puy-de-Dôme)	Rouen (S.-Inf.)	
Percepied	1881		St-Nectaire (Puy-de-Dôme)	
Percheron	1865		Reims (Marne)	
Perclet ?			Aute (Hte Saône	
Peredo	1835		Lamballe (Côtes-du-Nord)	
Perelli (L.-A.)	1856		Bastia (Corse)	
Pérès (J.)	1860		Vic-Fezensac (Gers)	
Peret	1850		Oran (Oran)	
Péricat	1843		Saurat (Ariège)	
Périer	1881		Champagné-les-Marais (Vendée)	
Perier	1879		Chantenay-sur-Loire (Loire-Inf.)	
Périer			Sauviat (Hte-Vienne)	
Périgord			Limoges (Hte-Vienne)	
Périn (A.-M.)	1876		Générac (Gard)	
Peringuey (J.-L.)	1883		d'Espagne 244 Bordeaux (Gironde)	
Périonne (de La)			Lille (Nord)	
Perisse			Le Fousseret (Hte-Gar.)	
Pernet (V.)	1878		Rambervilliers (Vosges)	
Pérochaux			Nantes (Loire-Inf.)	
Péron			Asnières (Seine)	
Péronaux	1883		Romainville (Seine)	
Péronne	1870		Sedan (Ardennes)	
Péronne (E.-J.-B.)	1863		Sens (Yonne)	
Perrachon (J.)	1883		Montcenis (Saône-et-Loire)	
Perreau (M )	1880		Saumur (Maine-et-Loire)	
Perret			l'Hôt.-de-Ville 79, Lyon (Rhône)	
Perret (F.)	1864		Rennes (Ille-et-Vil.)	
Perretti	1883		Mercier-Lacombe (Oran)	
Perrèymond	1874		Grignan (Drôme)	
Perrèymond	1867		Toulon-sur-Mer (Var)	
Perrichon (F.)	1875		Vienne (Isère)	
Perrichot	1880		Hâvre (Seine-Infér.)	
Perrier	1868		Asnières Seine)	
Perrier	1851		La Charité (Nièvre)	
Perrier (L.)	1862		Nîmes (Gard)	
Perrier			à Nantes (Loire-Inférieure)	
Perrier (F.)	1866		Valleraugue (Gard)	
Perrimond (F.-L.-J.)	1875		Montauroux (Var)	
Perrin	1865		Argentan (Orne)	
Perrin			Cusset (Allier)	
Perrin (J.)			Paradis 42, Marseille (Bches-du-Rhône)	
Perrin (A.)	1882		St-Claude (Jura.)	
Perriquet	1874		Beuzeville (Eure)	
Perrochaud	1840	✶	Siblequin 35, Boulogne-sur-Mer (Pas-de-Calais)	
Perrolaz	1878		Berrouaghia (Alger)	
Perron (C.-F.)	1853		Besançon (Doubs)	
Perronnet (C.)	1882		Thomassin 22, Lyon (Rhône)	
Perrot	1878		à Néris-les-Bains (Allier)	
Perriot (J.-F.)	1855		St-Amour (Jura)	
Perrotte	1889		à Chatillon s. Chalaronne (Ain)	
Perruchet	1858		St-Trivier-de-Courtes (Ain)	
Pery (G.-M.)	1859		Victor-Hugo 59, Bordeaux (Gironde)	
Persac	1859		Buchy (Seine-Inf.)	
Persy	1887		au Mans (Sarthe)	
Pesme	1868		Ville-sur-Terre, (Aube)	
Peste (J.-L.)	1849		Beaune (Côte-d'Or)	
Pétel	1879		Rouen (Seine-Inf.)	
Pétel (P.)	1855		St-Georges-de-Reintembault (Ille-et-Vilaine)	
Petiau (E.)	1875		Château-Renault (Indre-et-Loire)	
Pétiaux ?			à Boulogne-s-Seine (Seine)	
Petit	1868		Aix-les-Bains (Savoie)	
Petit	1863		Archignat (Allier)	
Petit (L.-F.)	1870		Aubusson (Creuse)	
Petit (J.)	1871		Barenton (Manche)	
Petit	1875		Carcassonne (Aude)	
Petit	1879	✶	Cette (Hérault)	
Petit	1876		Charly (Aisne)	
Petit	1852		Château-Thierry (Aisne)	
Petit ?			Montreuil (Aisne)	
Petit	1868	✶	Clermont-Ferrand (Puy-de-Dôme)	
Petit			Longeau (Hte-Marne)	
Petit	1887		St-Maur (Seine)	
Petit (P.-A.)	1835		Louhans (Saône-et-Loire)	
Petit (J.)	1876		Montbard (Côte-d'Or)	
Petit	1870		Montereau (Seine-et-Marne)	
Petit	1849		Moulins (Allier)	
Petit			Neufchâtel-en-Braye (Seine-Inférieure)	
Petit			Pont-sur-Yonne (Yonne)	
Petit (R.)	1867		Rennes (Ille-et-Vilaine)	
Petit			Royat (Puy-de-Dôme)	
Petit	1878		St-Pierre-d'Albigny (Savoie)	
Petit	1874		St-Soupplets (Seine-et-Marne)	
Petit (L.-H.)	1854		Toury (Eure-et-Loir)	
Petit	1881		Clamecy (Nièvre)	
Petit ?			Salies-de-Béarn (Bses Pyrénées)	
Petit-Bregnat (F.)	1872		Fleury-sur-Andelle (Eure)
