nom	année	notes	adresse	horaires
Dufraigne	1851		Meaux (Seine-et-Marne)	
Dufraisse (J.)	1881		Thiers (Puy-de-D.)	
Dufresne	1827		Fillinges (Hte-Savoie)	
Dugardin	1883		Pl. de l'Hôtel-de-Ville, Le Havre (Seine-Inf.)	
Dugast (L.-E.)	1869		Aigrefeuille (Loire-Inférieure)	
Dugat (A.)	1858		Orange (Vaucluse)	
Dugat-Estublier		✶ O ✥ ✣ ✠ ⊕	Plage du Prado 16, Marseille	
Dugau	1879		Bergerac (Dordogne)	
Dugenet			Bléré (Indre-et-Loire)	
Dugué (G.)	1856		Le Mans (Sarthe)	
Du Gourlay	1876		Dinard (Ille-et-Vil.)	
Dugourlay (A.-J.-M.)	1867		St-Enogat (Ille-et-Vilaine)	
Duguyot	1882		Toucy (Yonne)	
Duhallé	1870		Rochefort (Char.-Inf.)	
Duhamel	1885		St-Mandé (Seine)	
Duhamel	1868		Gournay-en-Br. (S.-Inf.)	
Duhard			Toulouse (Hte-Garonne)	
Duhard (L.-A.)	1846		Castelsagrat (T.-et-Gar.)	
Duhard (F.-A.)	1879		Castelsagrat (T.-et-Gar.)	
Duhein	1885		Beaulieu (Loiret)	
Duhourcau (E.)	1873		Cauterets (Htes-Pyr.), l'été, et à Pau (Bses-Pyrénées)	
Dujardin	1875		Lille (Nord)	
Dujardin			à Roubaix (Nord)	
Dujol	1876		St-Etienne (Loire)	
Duke	1889		à Cannes (Alpes-Maritimes)	
Dulac	1854		Bagnères-de-Luch. (H.-Gar.)	
Dulac	1890		id.	
Dulac	1874		Langon (Gironde)	
Dulac (P.-P.)	1878		Montbrison (Loire)	
Dulaurier			Chevagnes (Allier)	
Dulceux (J.-N.)	1855		Poissons (Hte-Marne)	
Duliscouet	1879		à Lorient (Morbihan)	
Dulion	1876		Martres (Hte-Gar.)	
Dulout (J.)			Sauzé-Vauss (D.-Sèvres)	
Du Magny	1855		L'Isle-Jourdain (Vienne)	
Dumarest	1873		Voiron (Isère)	
Dumas (G.)	1861		Allemans (Dordogne)	
Dumas (E.)	1881		Blanzaguet (Charente)	
Dumas	1878		Condrieu (Rhône)	
Dumas (A.)	1870		Ledignan (Gard)	
Dumas (E.-C.)	1839		Mirabel, Réalville (Tarn-et-Gar.)	
Dumas	1887		à Champigny (Seine)	
Dumas	1876		Nangis (S.-et-M.)	
Dumas	1889		St-Etienne (Loire)	
Dumas (A.)	1866	Q A	Thiers (Puy-de Dôme)	
Dumay	1861		Segonzac (Charente)	
Dumestre (F.)	1837		Marciac (Gers)	
Dummée	1870		Nemours (S.-et-M.)	
Dumolard (A.)	1868		Grenoble (Isère)	
Dumolard (J.)	1865		Vizille (Isère)	
Dumolin	1867		Levallois (Seine)	
Dumond	1881		Objat (Corrèze)	
Dumont	1868		Gueux (Marne)	
Dumont	1855		Jaulgonne (Aisne)	
Dumont			Tourcoing (Nord)	
Dumont	1883		à Périgueux (Dordogne)	
Dumont	1892		Beaumont (S.-et-O.)	
Dumont	1892		Beffroi 22, Rouen	
Dumoulin (J.-G.)	1866	✶	Landrecies (Nord)	
Dumouly	1880		Levallois (Seine)	
Du Mouza (C.-A.)	1883		Pornic (L.-Inf.)	
Dumur	1882		Evian-les-Bains (H.-Sav)	
Dumur	1889		Bordeaux (Gironde)	
Dunac	1889		Foix (Ariège)	
Dunal	1855		Montpellier (Hérault)	
Dunan			Etauliers (Gironde)	
Dunand	1878		Esternay (Marne)	
Dunoyer			au Dorat (Hte-Vienne)	
Duparc	1856		Annecy (Hte-Savoie)	
Dupas	1877		Nantes (Loire-Inf.)	
Dupas		dent.	id.	
Dupas	1889		Nort (Loire-Inf.)	
Dupas			Hérin (Nord)	
Dupasquier	1869		Varennes-le-Grand (Saône-et-Loire)	
Dupasquier	1880		Julienas (Rhône)	
Dupau	1876		Toulouse (Hte-Gar.)	
Dupérié (A.)	1878	✶	Agen (L.-et-G.)	
Dupertuis			Adamville (Seine)	
Dupeux	1877		Bordeaux (Gironde)	
Dupeyrat (D.)	1881		Bayon (Gironde)	
Dupeyron (E.)	1877		Septèmes (Bches-du-Rhône)	
Dupeyron		✶	Sousse (Tunisie)	
Dupin (F.-P.)	1879	Chir. adjoint de l'Hôtel-Dieu	Toulouse (Hte-Gar.)	
Dupin-Vidard (A.)	1841		Le Dorat (Hte-Vienne)	
Dupinet	1871		Lanouaille (Dordogne)	
Dupla	1864		Mirepoix (Ariège)	
Duplaâ (J.)	1844		Capbreton (Landes)	
Duplan (J.)	1865		Tarbes (Htes-Pyr.)	
Duplan (J.-A.)	1852		Volx (B.-Alpes)	
Duplouy (L.)	1861	✶	Rochefort (C.-I.)	
Duplouy (M.)		C ✶ O I	Rochefort	
Dupont Thomas	99		Marseille (B.-du-R.)	
Dupont	1874		La Roche (Hte-Savoie)	
Dupont	1879		Mantes (S.-et-O.)	
Dupont		✶	Rochefort (Char.-Inf.)	
Dupont	1867		Braud-St-Louis (Gironde)	
Dupont (F.)	1851		Sauzé-Vaussais (D.-Sèvres)	
Dupont	1890		Yvernay (M.-et-L.)	
Dupont	1859		Blanc-Seau (Nord)	
Dupont (J.-B)	1877		St-Hilaire-la-Palud (Deux-Sèvres)	
Dupont	1881		St-Loup (Hte-Saône)
