nom	année	notes	adresse	horaires
Bertaud	1859		Pouancé (Maine-et-Loire)	
Berthélemy	1890		Braisne (Aisne)	
Berthelot	1864		La Chartre (Sarthe)	
Berthelot (M.-L.-M.)	1880		Pontarlier (Doubs)	
Berthelot	1861		Verdes (Loir-et-Cher.)	
Berthet	1883		Albertville (Savoie)	
Berthet (J.)	1878		Taninges (Hte-Savoie)	
Berthet			St-Joseph 23, Lyon (Rhône)	
Berthet (P.)	1891		St-Joseph 20, Lyon	
Bertheux	1881		Rennes (Ille-et-Vilaine)	
Berthier		✶	Hospice de Bicêtre (Seine)	
Berthier (L.)	1844		Aix-les-Bains (Sav.)	
Berthier	1876		Trévoux (Ain)	
Berthier	1872		Thoissey (Ain)	
Berthier	1876		Regnié (Rhône)	
Berthiot			Héricy (S.-et-M.)	
Berthollet	1864		Grenoble (Isère)	
Bertholon	1877		av. de France 24, Tunis	
Bertholus	1888		Boen (Loire)	
Berthomier (G.-A.)	1874		Vichy (Allier)	
Berthomier (A.)	1875		Moulins (Allier)	
Bertin (E.)	1858		Montpellier (Hérault)	
Bertin	1888		à Montpellier (Hérault)	
Bertin (G.)	1864		Nantes (Loire-Inf.)	
Bertin	1884		Brionne (Eure)	
Bertin du Château	1878		Vernon (Eure)	
Berton			Lignac (Indre)	
Berton	1887		Triel (Seine-et-Oise)	
Bertoye	1888		Maisons-Neuves (Rhône)	
Bertrac (S.)	1883		Lautrec (Tarn)	
Bertrand (A.)	1865		Chalon-sur-Saône (Saône-et-Loire)	
Bertrand-Desminières	1858		à Benassois (Vienne)	
Bertrand	1886		Neuilly-St-Fr. (Aisne)	
Bertrand	1860		Charmont (Aube)	
Bertrand	1860		Ervy (Aube)	
Bertrand	1865		Nogent-sur-Aube (Aube)	
Bertrand (F.)	1877		La Celle-Dunoise (Creuse)	
Bertrand	1870		La Mothe-Landeron (Gironde)	
Bertrand (G.)	1842		Lisle (Tarn)	
Bertrand			pl. St-Clair 2, Lyon (Rhône)	
Bertrand	1878		Mansle (Charente)	
Bertrand	1856		Neauphle-le-Château (Seine-et-Oise)	
Bertrand			Bény-Bocage (Calvados)	
Bertrand	1868		Monthieu (Char.-Inf.)	
Bertrand	1891		La Bourboule (P.-de-D.)	
Bertrand	1886		Salles-la-Source (Aveyr.)	
Bertrand	1890		Lignières (Cher)	
Bertrand	1889		à Aix (Bches-du-Rhône)	
Bertrand	1874		Noirétable (Loire)	
Bertrand (G.)	1873		Roanne (Loire)	
Bertrand (J. G.)	1865		Sail-sous-Couzan (Loire)	
Bertrand (L.)	1857		St-Pons (Hérault)	
Bertrand (E.)	1875		St-Servan (Ille-et-Vilaine)	
Bertrand (M.)	1883		Toulon (Var)	
Bertrand-Laûze			Alais (Gard)	
Bertrand	1868		Granges (Vosges)	
Bertreux	1883		Villevêque (M.-et-L.)	
Bertrin (P.)	1856		St-Bazeille (Lot-et-Garonne)	
Bertrin	1885		Brie-Cte-Robert (S.-et-M.)	
Bertron	1868		Vaiges (Mayenne)	
Besairie	1869		Glénat (Cantal)	
Besançon	1862		Grande-Rue 56, Boulogne-s.-Seine (Seine)	
Besaucèle (V.)	1874		Toulouse	
Besnard (V.)	1859		Saumur (M.-et-L.)	
Bessac (J.-M.)	1865		Anor (Nord.)	
Besse	1858	✶	Saintes (Char.-Inf.)	
Besse (A.)	1863		Villeréal (L.-et-Gar.)	
Besse	1889		St-Paul-Cap (Tarn)	
Bessette (E.)	1852	✶	Angoulême (Charente)	
Bessière	1881		St-Alban (Lozère)	
Bessières	1884		à Caveirac (Gard)	
Bessières	1885		Castelnau-de-Mont (Lot)	
Besson (J.)	1833		Chambéry (Savoie)	
Besson	1879		Montluçon (Allier)	
Besson	1869		Villefranche (Aveyron)	
Besson	1868		St-Bonnet (Charente-Inf.)	
Besson	1884		St-Thomas-de-C. (id.)	
Besson	1888		à Bourges (Cher)	
Besson			à St-Geoire (Hte-Savoie)	
Bétaillouloux	1882		Pirou (Manche)	
Bethout			St-Germain-les-Belles-Filles (Hte-Vienne)	
Betoland (J.-C.)	1837		Châlus (Hte-Vienne)	
Bétous			Nogaro (Gers)	
Bétous			Barèges-Luz (Hautes-Pyrénées)	
Bettinger (C.)	1881	✶	Reims (Marne)	
Bettremieux	1885		Lille (Nord)	
Bettremieux	1885		Roubaix (Nord)	
Beudot (J.-J.)	1856		Moloy Courtivron (Côte-d'Or)	
Beuf (H.)	1871		Flayosc (Var)	
Beuf	1891		St-Tropez (Var)	
Beugnies-Corbeau	1878		à Givet (Ardennes)	
Beugnon	1877		Flogny (Yonne)	
Beugnon	1872	chir.	Melun (S.-et-M.)	
Beurnier	1857	✶	Montbéliard (Doubs)	
Beuve (A.)			Dammartin (Seine-et-Marne)	
Beuzelin (J.)	1859		Amfreville-la-Campagne (Eure)	
Beuzelin (G.)	1859		Elbeuf (S.-Inf.)	
Bévalet (L.)	1857		Fraisans (Jura)	
Beverini	1887		Ajaccio (Corse)	
Bevierre (A.-X.)	1872		Maroilles (Nord)	
Bevierre (J.-F.-X.)	1839		id.	
Bex			Livernon (Lot)
