nom	année	notes	adresse	horaires
Perry (de)	1860		Vital-Carles 24, Bordeaux (Gironde)	
Perry	1864		Vitry (Seine)	
Persillard	1887		St-Benoît-sur-Loire (Loiret)	
Person (J.)	1835		Bar-le-Duc (Meuse)	
Personne (de la)	1883	✶	Lille (Nord)	
Persy (Paul)	1887		au Mans (Sarthe)	
Pertat	1893		Joinville (Hte-Marne)	
Péry (G.)	1859		à la Fac. de Méd., Bordeaux	
Peschaud (G.)	1884		à Murat (Cantal)	
Peschaud (D.)	1886		à Murat (Cantal)	
Peschaud (N.)	1893		Allanche (Cantal)	
Peslerbe	1877		Nangis (S.-et-M.)	
Pesme	1868		Ville-sur-Terre (Aube)	
Pesserard			Vibraye (Sarthe)	
Pessez	1888		Villeneuve-St-Georges	
Pestour	1890		Vendôme (L.-et-Ch.)	
Pétel	1879		Rouen (Seine-Inf.)	
Péthiot	1870		Le Conquet (Finistère)	
Pétiau (F.)	1885		Boulogne-s.-Sne (Sne)	
Pétiau (G.)	1875		(de Paris) Achalles (Savoie) l'été	
Petit	1868		Aix-les-Bains (Savoie)	
Petit	1864		Archignat (Allier)	
Petit	1894		Bellegarde (Creuse)	
Petit (J.)	1871		Barenton (Manche)	
Petit	1875	✶	Carcassonne (Aude)	
Petit	1879	✶	Cette (Hérault)	
Petit	1852		Château-Thierry (Aisne)	
Petit	1877		Charly (Aisne)	
Petit	1869	✶	l'été à Royat (Puy-de-Dôme). — L'hiver à Paris	
Petit	1863	✶	Longeau (Hte-Marne)	
Petit (J.)	1876		Montbard (Côte-d'Or)	
Petit	1870		Montereau (Seine-et-Marne)	
Petit	1887		Bou-Sfer (Oran)	
Petit			Louhans (Saône-et-Loire)	
Petit	1849	✶	Moulins (Allier)	
Perrichet (E.)			Dijon (Côte-d'Or)	
Petit (E.)	1891		Parc St-Maur (Seine)	
Petit			Pont-sur-Yonne (Yonne)	
Petit			Montrésor (Indre-et-Loire)	
Petit (R.)	1867	✶	Rennes (Ille-et-Vil.)	
Petit			Royat (Puy-de-Dôme)	
Petit	1878		St-Pierre-d'Albigny (Savoie)	
Petit	1874		St-Soupplets (Seine-et-Marne)	
Petit (L.-H.)	1854		Toury (Eure-et-Loir)	
Petit	1881		Clamecy (Nièvre)	
Petit			Salies-de-Béarn (Bses-Pyrénées)	
Petit	1890		Libourne (Gironde)	
Petitbon	1892		St-Aignan (Cher)	
Petit fils (A.-D.)	1873		Vierzon (Cher)	
Petit	1893		Lussac (Gironde)	
Petit	1895		av. d'Argenteuil 66, Asnières (Seine)	
Petit Didier	1893		Toulon (Var)	
Petitclerc	1880		Rouen (Seine-Inf.)	
Petit-Cuénot	1890		St-Souplet (Nord)	
Petiteau	1869		Les Aubiers (Deux-S.)	
Petiteau (M.)	1840		Les Sables-d'Olonne	
Petitfour	1878		Ferrières (Loiret)	
Petitgand (T.-J.-M.)	1871		Gray (Hte-Saône)	
Petit Jean	1840	✶	Belfort (Ht-Rhin)	
Petit Jean	1870		Belfort (Ht-Rhin)	
Petitjean	1879		Jouarre (Seine-et-Mar.)	
Petitjean			Decize (Nièvre)	
Petitjean	1885		Rue Rioux 18, Boulogne-s.-Sne (Seine)	
Petitot	1874		Garches (Seine-et-Oise)	
Petitot	1884		Boul. Chave 25, Marseille	
Petitpierre			Givors (Rhône)	
Peton (J.-H.)	1879		Saumur (M.-et-L.)	
Pétriaux	1894		Vrigne-aux-Bois (Ard.)	
Peugnez	1885		Asnières (Seine)	
Peugniez	1885	✶	Amiens (Somme)	
Peujade (U.)	1858		Caylux (T.-et-G.)	
Peychadre	1889		Epernay (Marne)	
Peynaud (E.)	1871		St-Malo (Ille-et-V.)	
Peyneaud	1876		Arès (Gironde)	
Peyneaud	1873		Mios (Gironde)	
Peyneau	1873		Mios (Gironde)	
Peyrac (E.)	1863		Mauriac (Cantal)	
Peyrandeau	1882		Gennes (Maine-et-L.)	
Peyrat	1853		Brive (Corrèze)	
Peyrat	1883		Villefranche-de-Laur (Hte-Garonne)	
Peyraud (H.-P.)	1869		Libourne (Gir.)	
Peyraud	1869		Vichy (Allier)	
Peyraud			Grenoble (Isère)	
Peyraulier			Montferrier (Hérault)	
Peyre	1879		c. du Jardin-Public 71, Bordeaux (Gironde)	
Peyre de Fabrègues	1883		St-Félix-de-Lodève (Hérault)	
Peyré	1893		Delpech (Aude)	
Peyret	1870		Lourdes (Htes-Pyr.)	
Peyret-Dortail	1884		Montagnac (Remchi) (Oran)	
Peyromore-Debord (G.-J.-M.)	1871		Orsay (Seine-et-Oise)	
Peyron	1883		Hainneville (Manche)	
Peyronnel	1841		La Bourboule (P.-d-D.)	
Peyronnet	1883		Carcassonne (Aude)	
Peyronnet	1876		boul. Strasbourg 34, Toulouse (Hte-Gar.)	
Peyronnet	1886		Marmande (L.-et-G.)	
Peyrot	1878		Néris-les-Bains (Allier)	
Peyrussan	1863		Cette (Hérault)	
Peyrusse	1850		Narbonne (Aude)	
Peyrusson (P.-R.)	1850		Veyrac (Hte-Vienne)	
Peyssonnier	1874		St-Mathurin (M.-et-Loire)	
Peytard (P.-A.-L.)	1867		Corps (Isère)	
Peytavy	1893		Pouilly-s.-Loire (Nièvre)	
Peytoureau (A.)	1887	Micrographie	cours du Chapeau-Rouge 28, Bordeaux	
Pezet	1883	✶	à Montpellier (Hérault)	
Pezet	1893		Figeac (Lot)	
Phalippou	1869		Lodève (Hérault)	
Phélip	1885		Sala 32, Lyon (Rhône)	
Philippart			Roubaix (Nord)	
Philippot	1885		av. Thiers 41, Bordeaux	
Phélisse	1887		à Charmes (Vosges)	
Philbert			Audincourt (Doubs)	
Philbert	1876		Brides-les-Bains (Savoie)	
Philip	1882		Grasse (Alpes-Maritimes)	
Philip	1883		Toulon-sur-Mer (Var)	
Philippon	1873		Huriel (Allier)
