nom	année	notes	adresse	horaires
Joüon (L.)	1871		Alger 14, Nantes	
Jonon	1892		à Braine (Maine-et-Loire)	
Jourda			à Muret (Hte-Garonne)	
Jourdan (X.)			rue de la Bibliothèque 6. Marseille (Bouches-du-Rhône)	
Jourdan (E.)	1876	✶	rue de la Bibliothèque 8, Marseille (Bouches-du-Rhône)	
Jourdan (A.)	1857		rue St-Jacques 68, Marseille (Bouches-du-Rhône)	
Jourdan	1890		Thones (Haute-Savoie)	
Jourdan du Mazot	(1873)		Nevers	
Jourdan (P.)	1868		Salbris (L.-et-Cher.)	
Jourdan	1872		Vallauris (Alp.-Marit.)	
Jourdan (Maurice)	1895		Marseille	
Jourdanet			Grenoble (Isère)	
Jourdin	1884		à Ballan (Indre-et-Loire)	
Journés			La Bastide-de-Lévis (Tarn)	
Journet	1883	✶	Laure (Aude)	
Jouslin	1855		Châteauroux (Indre)	
Jousse (E.)	1875		Marcillac-Lanville (Ch.)	
Jousselin (L.-G.)	1868		Mauzé (Deux-Sèvres)	
Jousset	1872		à Lille (Nord)	
Jousset			Bellème (Orne)	
Jouve	1893		La Neuve (Eure)	
Jouve (A.)			Bayard 21, Toulouse	
Jouvion	1869		à Merville (Hte-Garonne)	
Jouy	1891		à Audeuillé (Mayenne)	
Jovenal (M.)	1863		Toulon-sur-mer (V.)	
Joy	1895		Point-du-Jour 115, Boulogne	
Joyaux (A.)	1866		Croix-Blanche 70, Bordeaux (Gironde)	
Joyes	1894		à Ameyron (Drôme)	
Joyeux (J.)	1855	✶	Mirecourt (Vges)	
Joyeux	1895		Bourbonne (Hte-Marne)	
Jozancy	1856		Saint-Romain-de-Benet, (Char.-Inférieure)	
Jubin	1876		Victor-Hugo 40, Lyon	
Juanchuto	1879		Cambo (B.-Pyrénées)	
Juannin	1840		Moulins-Engilb. (Nièvre)	
Jubelin			Nice (Alpes-Maritimes)	
Jubineau	1883		à Bourneuf (Loire-Inf.)	
Jubiot fils	1879		cours Chapitre 39, Marseille (Bouches-du-Rhône)	
Judet-Lacombe	1863		Thiviers (Dord.)	
Juge (Camille)	1896		boul. de Rome, 44. Marseille	
Juif (P.)	1876		Melisey (Haute-Saône)	
Julhiet	1895		à Mornant (Rhône)	
Juillard	1881		à Marseille	
Julia	1887		à Auterive (Hte-Garonne)	
Julian Numa	1882		à Nimes (Gard)	
Julian (Maurice)	1888		à Beaucaire (G.)	
Julg			Beaucourt (Ht-Rhin)	
Julie (L.-M.)	1894		à Gde-Combe (Gard)	
Julien	1883		Nimes (Gard)	
Julien	1897		à Bellème (Orne)	
Julien	1894		à Fontaine-Française (Côte-d'Or)	
Julien	1886		à Pontgouin (Eure-et-Loir)	
Julien			Mustapha (Algérie)	
Jullian	1876		Vif (Isère)	
Julliard	1877		Châtillon-de-Michaille (Ain)	
Jullien	1892		Bernardin-de-St-Pierre 29, Le Havre	
Jullien (E.)	1892		Sourdon (Somme)	
Jullien	1889		à Pomérols (Hérault)	
Jumelais	1897		à Paramé (Ille-et-Vil.)	
Jung			Sonzay (Indre-et-Loir)	
Jung	1869		à Mortcerf (Seine-et-M.)	
Junien-Lavillauroy			Cognac (Char.)	
Junin	1888		St-Jean-Liversay (Ch.-Inf.)	
Junot	1893		Hôtel-de-Ville 64, Troyes (Aube)	
Jupé	1879	✶	Arudy (Basses-Pyrénées)	
Just	1875		à Menton (Alpes-Maritimes)	
Juteau	1850		Chartres (Eure-et-Loir)	
Jutet (E.)	1889		rue St-Etienne 6, Lyon	
Juvanon	1896		à St-Laurent (Ain)	
Juvenal			Toulon (Var)	
Juvigny			La Charité (Nièvre)	
Kahn	1874		St-Etienne (Loire)	
Kamienski	1872		r. du Midy 16, Lyon	
Kaminer	1893		Alsace-Lorraine 16, Colombes (Seine)	
Kaplan	1889		à Janville (Eure-et-Loir)	
Kaplan (Mad.)			à Janville (Eure-et-L.)	
Kaplan Hirsch	1892		à Combs-la-Ville (Seine-et-Marne)	
Katz	1884		Pontoise (Seine-et-Oise)	
Kawalerski	1863		Lodève (Hérault)	
Keating Hart	1895		Marseille (B.-du-R.)	
Keller	1893		Colombes (Seine)	
Kemmerer	1839		à St-Martin-de-Ré (Charente-Inférieure)	
Kempf	1887		Celles-sur-Plaine (Vosges)	
Keranguader	1896		à Plomodurn (Fin.)	
Kéravai			à Armentières (Nord)	
Kérébel	1888		à St-Renan (Finistère)	
Kerguistel	1872		Guérande (Loire-Inf.)	
Kermarrec			Landerneau (Finistère)	
Kerrien			à Quimper (Finistère)	
Khinitz (Alex.)	1897		à Brinon (Cher)	
Kinsbourg (Alp.)	1851	✶	Remiremont (Vosges)	
Kirchberg	1855		Nantes (Loire-Inf.)	
Kleckowski	1880		Grand-Fresnoy (Oise)	
Klée	1879		à La Bresse (Vosges)	
Klefstadt-Silonville	1892		Aix-les-Bains (Savoie)	
Klein			à Mailly-le-Château (Yonne)	
Kleinschmidt (G.)	1871		Montpellier	
Kloss			rue Paganini 11, à Nice	
Kneipp			quai de Bondy, Lyon	
Kobryner	1872		à Palluau (Indre)
