nom	année	notes	adresse	horaires
Cornudet fils	1887		La Roche-Bernard (Morbihan)	
Corny	1892		Lezoux (Puy-de-Dôme)	
Coronado	1895		à Moulins (Allier)	
Coronat			r. Victor-Hugo 30, Lyon	
Coronat (L.) fils	1896		Gap (Htes-Alp.)	
Corriez (E.)	1888		à Champagny (H.-S.)	
Corset			Contres (Loir-et-Cher)	
Corson (J.)	1877		Guingamp (C-du-N.)	
Cortés (S.)	1860		Agen (Lot-et-Gar.)	
Corté	1875		La Charité (Nièvre)	
Cortyl (R.-P.)	1889		Bailleul (Nord)	
Cortyl			St-Venant (P.-d.-C.)	
Cortyl			à Meteren (Nord)	
Cosmas-Dumenez	1865		à Pont-Labbé (Finistère)	
Cosnard	1878		Noyant (M.-et-L.)	
Cossa	1894	✶	à Marseille	
Cossa	1860		St-Etienne (Alpes-Marit.)	
Cossa	1900		à Montfrin (Gard)	
Cosse	1899		Tours (Indre-et-Loir)	
Cosserat	1890		Bayon (M.-et-Mos)	
Cossin (A.)	1894		Auvers-sur-Oise (S.-et-O.)	
Cosson	1898		à Tours	
Costa			Sousse (Tunisie)	
Coste	1873		Collioure (Pyr.-Orient.)	
Coste	1887		Bouillargues (Gard)	
Coste	1881		Job (Puy-de-Dôme)	
Coste	1852		Lamontgie (Puy-de-Dôme)	
Coste	1853		à Ajaccio (Corse)	
Coste (M.)	1876	✶	9 Montaux, Marseille	
Coste	1875		Toulon (Var)	
Coste (Léon)	1854		Montpellier (Hérault)	
Coste (Albert)			à Beaulieux-sur-Mer (Alpes-Maritimes)	
Costes	1887		à Rodez (Aveyron)	
Costes	1873		à Thivars (Eure-et-Loir)	
Cotelle (T.)	1877		Angers (M.-et-Loire)	
Cotilleau	1882		Thouars (D.-Sèvres)	
Cotoni (J.)	1880		Oissel (Seine-Inf.)	
Cotsaftis	1893		à Montpellier (Hérault)	
Cotte	1889		à Barrème (Basses-Alpes)	
Cotte	1874		à Toulon (Var)	
Cottenot	1878		Eurville (Haute-Marne)	
Cottigny (F.-P.-J.)	1862		Haubourdin (N)	
Cottin (A.)	1879		Dijon (Côte-d'Or)	
Cottin (A.-M.-L.)	1878		Montfort-sur-Meu (Ille-et-Vilaine)	
Cotton	1881		Vendôme 111, Lyon (Rh.)	
Couadan			à Cette (Hérault)	
Couaillac	1897		à Ambès (Gironde)	
Coubronne	1894		Hem (Nord)	
Couder	1891		Alençon (Orne)	
Couderc	1869		Genevières (Lot)	
Couderc (Am.)	1898		à Mouy (Oise)	
Couderc	1887		Beaumont-le-Roger (Eure)	
Couderc (H.)	1890		à Guéret (Creuse)	
Coudert (G.)			à Monaco (l'hiver) l'été à Paris	
Coudeyras	1897		à Chatellain (Ch.-Inf.)	
Coudray	1884		Nogent-le-Rotrou (Eure-et-Loir)	
Coudray			à Versailles (S.-et-O.)	
Coudray	1900		à Chartres (Eure-et-L.)	
Coudrin fils	1882		La Boissière (Vend.)	
Couécou (J.-M.)	1872		Nogaro (Gers)	
Couette	1893		Juvigny (Manche)	
Couëtoux	1882	TÉLÉPHONE	Nantes (Loire-inf.)	à Cholet le 3e dim. du mois.
Couëtoux	1880	✶	Blain (L.-inf.)	
Cougnot			à Champlemy (Nièvre)	
Cougombles	1879		Bagnères-de-Bigorre (Hautes-Pyr.)	
Cougoureux (J.-G.)	1865		Montauban (Tarn-et-Gar.)	
Couhard fils (J.-M.)	1868		Lucenay-l'Evêque (S.-el-L.)	
Couillard (T.-V.)	1867		Issoire (Puy-de-Dôme)	
Couillard	1879		St-Macaire (Gir.)	
Couillard	1899		St-Macaire (Gironde)	
Couillaud			à Biskra (Constantine)	
Coulanges	1892		Bollène (Vaucluse)	
Coulaud	1875	✶ I	Mouleydier (Dord.)	
Coulbault	1881		Cholet (Mne-et-Loire)	
Coulbeaur	1879		Gefosses (Manche)	
Couléard Desforges	1878		Evron (May)	
Coulet	1864		St-Pargoire (Hérault)	
Coulet	1885		à Hérépian (Hérault)	
Coulet	1866		Alais (Gard)	
Coulhon	1861		Montluçon (Allier)	
Coullet	1868		Ollioules (Var)	
Coullomb (T.-C.)	1872		Aramon (Gard)	
Coulmont	1897		à Rivière (P.-de-C.)	
Coulom	1890		Fronton (H.-Gar.)	
Couloma	1896		à St-Chinian (Hérault)	
Coulomb	1881		Sotteville-lez-Rouen (asile aliénés de Quatre-Mares, hommes) (Seine-Inf.)	
Coulombe	1872		Tinchebray (Orne)	
Coulompis	1895		à Bonneuil (Oise)	
Coulon	1873		Cambrai (Nord)	
Coulon	1878		St-Amand (Cher)	
Coulon	1895		Tigy (Loiret)	
Coulon	1895		à Sceaux (Seine)	
Coulon			à Vitry-s-Seine	
Coulonjou	1899		Toulouse	
Coulonne	1896		Rome 120, Marseille	
Couly	1853		Decazeville (Aveyron)	
Couly	1885		à Decazeville (Aveyron)	
Coumailleau	1885		Sens (Yonne)	
Coumet	1897		à Briare (Loiret)	
Coup	1890		à Meru (Oise)	
Coupart			Bergette 15, St-Germain-en-Laye (Seine-et-Oise)	
Coupey	1874	✶	La Ferté-Bernard (Sar.)	
Coupu	1898		à Lamballe (Côtes-du-Nord)	
Coural	1864		St-Chinian (Hérault)	
Coural	1880		Lavaur (Tarn)
