Monnad			Aix-les-Bains (Savoie)	
Monneret	1871		à St-Martin-Lestra (Loire)	
Monnet	1897		rue de France, 86, Nice	
Monnet			à Saint-Christophe (Saône-et-Loire)	
Monnié	1888		à Souprosse (Landes)	
Monnier	1872		Aigues-Mortes (Gard)	
Monnier	1892		St-Servan (Ille-et-Vil.)	
Monnier (A.)	1878		Douai (Nord)	
Monnier (Am.)	1882		Guépin 2, Nantes	
Monnier (Urb.)			q. Chalotais 2, Nantes	
Monnier (P.)	1883		Nozay (Loire-Infer.)	
Monnin	1890		Neuilly (Seine)	
Monnod			à St-Christophe (Saône-et-L.)	
Monnoye (C.-C.)	1864		Cherbourg (Man.)	
Monod (E.)	1880		Vauban 19, Bordeaux	
Monod	1877		Serviez 24, à Pau (B.-P.)	
Monod	1899		à Ouzouer (Loir-et-Cher)	
Monot			à Montsauche (Nièvre)	
Monoyer (F.)		Q I	Cours de la Liberté 1, Lyon (Rhône)	
Monphous	1885		St-Malo (Ille-et-V.)	
Monprofit	1889		Angers (M.-et-Loire)	
Monraisse (P.-A.)	1859		à Aurillac (Cantal)	
Monraisse	1901		à Aurillac (Cantal)	
Monribot	1865		à Épinay-sur-Seine (S.)	
Mons	1899		au Caylar (Hérault)	
Montagnac (A.)	1869		Condom (Gers)	
Montagnac	1874		à Lauzerte (T.-et-G.)	
Montagnon	1887		St-Etienne (Loire)	
Montaigne	1894	✶	à Roubaix (Nord)	
Montais	1899		Romainville (Seine)	
Montalescot	1894		Lurcy-Lévy (Allier)	
Montaleyre	1897		à Toulouse	
Montalti	1894		à Epinal (Vosges)	
Montalti	1891		à Mascara (Oran)	
Montalier	1879	✶	Lafaurie-Monbadon 50, Bordeaux (Gironde)	
Montanarie			Rohan 6, à Bordeaux	
Montané			Périgueux (Dordogne)	
Montano	1872		Toulouse (Hte-Garonne)	
Montange	1888		Belleville-sur-Saône (Rhône)	
Montecot			Langres (Hte-Marne)	
Montégut (F.-L.)	1867		à Mazerolle (Hautes-Pyrénées)	
Monteuuis	1886		Dunkerque (Nord)	
Monteils (A.)	1849	✶	Mende (Lozère)	
Montet (A.-H.)	1866	O	Briatexte (Tarn)	
Montel	1887		Elbeuf (Seine-Inf.)	
Montet		O ✶, Dir. du Sanatorium	de Bagnuls-sur-Mer	
Monteux (Gab.)	1895		boul. de la Corderie 70, Marseille	
Montignac	1897		à Allanche (Cantal)	
Montillier	1889		Cosnes-s.-l'Oeil (Allier)	
Montfort	1869	O	Rosière 14, Nantes	
Montfort fils			rue Strasbourg, Nantes	
Montgolfier (de)	1883		à Annonay (Ardèche)	
Montoya	1884		Perpignan (Pyr.-Orient.)	
Montpellier	1884		Limoux (Aude)	
Montségur			à Baleyssagues (Lot-et-Gar.)	
Montseret			Montpellier (Hérault)	
Montvel (de)	1859		Briare (Loiret)	
Mony	1860		à Blomard (Allier)	
Mora	1881		Bazoches-le-G. (Loiret)	
Mora	1874		à Dax (Landes)	
Mora	1876		à Fourmies (Nord)	
Morache	1859	C ✶ Q I	Vital-Carles 9, Bordeaux (Gironde)	
Morachini			à San-Loranzo (Corse)	
Moraillon	1899		à Iguerande (S.-et-L.)	
Maralis	1898		à Druges (Yonne)	
Moran	1894		à Noaillon (Gironde)	
Morand	1858		Pithiviers (Loiret)	
Morandeau	1899		à Bouaye (L.-Inf.)	
Morani	1892		Muro (Corse)	
Morange	1895		à Augerolles (P.-de-D.)	
Morange	1894		à Villeneuve (Lot-et-Garonne)	
Morard	1889		à Mâcon (Saône-et-L.)	
Morat			Pl. des Célestins, 10, Lyon	
Morault	1896		à St-Brieuc (Côtes-du-Nord)	
Morault	1894		à Rostrenen (C.-du-Nord)	
Mordagne	1885	✶	Tourny (Eure)	
Mordogne	1896		Castelnaudary (Aude)	
Mordret père	1847	✶	Le Mans (Sthe)	
Mordret fils	1890		au Mans (Sarthe)	
Moreau	1877		Vital-Carles 30, Bordeaux (Gironde)	
Moreau	1891		à Lusignan (Vienne)	
Moreau	1875		à Neung-sur-Beuvron (Loir-et-Cher)	
Moreau (P.-A.)	1864		Bourges (Cher)	
Moreau	1876		Chaource (Aube)	
Moreau	1881	✶	Donchery (Ardennes)	
Moreau			Angers (Maine-et-Loire)	
Moreau	1885		Evron (Mayenne)	
Moreau	1877		La Ferté-Bernard (Sarthe)	
Moreau (H.)	1853		Lusignan (Vienne)	
Moreau			à St-Maur-les-Fossés (Seine)	
Moreau	1885		au Mans	
Moreau			à Malakoff (Seine)	
Moreau	1892		Roche-Servière (Vendée)	
Moreau (L.)	1867	Q	r. d'Isly, Alger	
Moreau (R.)	1875	✶	Sens (Yonne)	
Moreau	1867		Versailles (Seine-et-Oise)	
Moreau	1888		Orléans (Loiret)	
Moreau	1889		Toulouse (Hte-Garonne)	
Moreau	1893		Châtillon sur-Sèvres (D.. Sèvres)	
Moreau	1896		Gençay (Vienne)	
Moreau			à Haumont (Nord)	
Moreau	1899		aux Hermilles (Ind.-et-L.)	
Moreau de Tours			de la Mairie 23, à Ivry (Seine)
