nom	année	notes	adresse	horaires
Piriou	1885		à Landivisiau (Finistère)	
Piron	1898		à Sèvres (Seine-et-Oise)	
Pitache			Sauternes (Gironde)	
Pitiot	1891		Rive-de-Gier (Loire)	
Pivert			à Pont-Audemer (Eure)	
Pivert	1874		Auray (Morbihan)	
Pivot	1891		La Tour-du Pin (Isère)	
Plas			Vigeois (Corrèze)	
Plagne			a Perregaux (Oran)	
Plagnol	1892		à Versailles (Seine-et-Oise)	
Plaisance			à Dieulefit (Drôme)	
Plait	1887		Auxerre (Yonne)	
Planchon	1880		à Firminy (Loire)	
Planès			à Capestang (Hérault)	
Planty (du)			Armentières (Nord)	
Plauchu	1856		à Forcalquier (B.-A.)	
Plauzolles	1884		à Meaux (S.-et-M)	
Playoult	1875		à Brives (Corrèze)	
Plénot	1877		Poissy (Seine-et-Oise)	
Piesent	1880		à Cannes (Alpes-Marit.)	
Plessis	1887		à Nantes (Loire-Inf.)	
Plichon			à Coudes (Puy-de-Dôme)	
Plissonnier			à La Condamine (Monaco)	
Ploos	1869		Forges-les-Bains (Seine-et-Oise)	
Ploussard	1876		à Châlons-sur-Marne)	
Ployard	1898		à Hem (Nord)	
Ployé	1893		Troyes (Aube)	
Plu			à St-Bonnet (Loire)	
Pluchon	1894		St-Porchaire (Charente-Inférieure)	
Plus			Phalempin (Nord)	
Plumerat	1886		à Abbeville (Somme)	
Pluguet			à Ervy (Aube)	
Pluzewski	1885		à Pontoise (S.-et-O.)	
Pochart	1898		à Brest (Finistère)	
Podevigne			à Marvejols (Lozère)	
Poëtte	1872		Arles (Bouches-du-Rhône)	
Poëtte	1873		à Braisne (Aisne)	
Poingt			à Bernay (Eure)	
Poinsier			à St-Denis (Seine)	
Poinsot	1872		à Montiers (Hte-Marne)	
Poinsot	1883		à Contrexéville (Vosges)	
Poinsu	1867		à Valençay (Indre)	
Poirault	1860		à Saintes (Ch.-Infér.)	
Poirault	1857		à Poitiers (Vienne)	
Poirée	1891		à Caudebec (Seine-Inf.)	
Poirier	1899		Laval (Mayenne)	
Poirier			Châtillon-sur-Loing (Loiret)	
Poirier			Orléans (Loiret)	
Poirou	1887		Lorient (Morbihan)	
Poirson			Faidherbe 1, Lille	
Poisat	1891		à Tarare (Rhône)	
Poisson	1870		à St-Maur (Seine)	
Poisson	1873		à Alban (Tarn)	
Poissonnier	1900		Souteraine (Creuse)	
Poitevin	1866		à St-Lô (Manche)	
Poitevin	1860		à Mazamet (Tarn)	
Poizat			Constantine 8, Lyon	
Poizat			à Cours (Rhône)	
Poizat	1891		à Tarrare (Rhône)	
Poli	1898		à Ajaccio (Corse)	
Poli			Bons Enfants, Marseille	
Pollet			à Chambéry (Savoie)	
Pollet			Masséna 57, Lille	
Pollet			à Douai (Nord)	
Polleux	1888		Hornoy (Somme)	
Poly	1858		à Olmeto (Corse)	
Pomera	1884		Suippes (Marne)	
Pomerais	1867		Rouen (Seine-Infér.)	
Pommé	1888		Oloron (Basses-Pyrénées)	
Pommerol	1885		Clermont-Ferrand	
Pommepy	1885		Bordeaux (Gironde)	
Pommeyrol	1881		Cette (Hérault)	
Poncer	1872		à Annonay (Ardèche)	
Poncet	1867		cours Morand 19, à Lyon	
Pons	1885		Gourdon (Lot)	
Pons			Ille, Vinca (Pyrénées-Orientales)	
Pons	1895		à Briançon (Hautes-Alpes)	
Ponsot	1881		à Bône (Algérie)	
Pontailler	1884		Rodez (Aveyron)	
Poutaraud	1888		Château-Ponsac (Haute-Vienne)	
Popelard	1881		à Courbevoie (Seine)	
Porchaire	1895		à Rochefort (Charente-Inférieure)	
Porcher	1894		à Louvigné (Ille-et-Vil.)	
Porcher	1895		Mirepoix (Ariège)	
Poreaux	1883		à Vendeuil (Aisne)	
Poret	1891		St-Sauveur (Manche)	
Porge			à Landiras (Gironde)	
Portalier	1893		Rodez (Aveyron)	
Porte	1874		à Bort (Corrèze)	
Porteau	1890		Fougerolles (Mayenne)	
Posteaux	1887		Asq-Lannoy (Nord)	
Portenart	1899		à Souchez (Pas-de-Cal.)	
Postel			Dinan (Côtes-du-Nord)	
Postel	1899		à Acheux (Somme)	
Poteau	1882		à Billy (Pas-de-Calais)	
Pothier	1887		à Thizy (Rhône)	
Pothonier			à Marseille (Bouches-du-Rhône)	
Potier	1891		Saint-Meen (Ille-et-Vil.)	
Potier			à St-Denis (Réunion)	
Pottier	1881		à Vanves (Seine)	
Pottier			Watin (Nord)	
Pottier	1896		à Beaugency (Loiret)	
Poudensan			à Nérac (Lot-et-Garonne)	
Poudéroux	1876		à Sigean (Aude)	
Pouget	1889		Lambesc-(Bouches-du-Rh.)	
Pouget			Gde-rue d'Aix, 92, Marseille	
Pouille	1898		à Constantine	
Pougetoux			à Marcillac (Corrèze)	
Pougier	1895		à Ennezat (Puy-de-Dôme)	
Pouilly			à St-Omer (Pas-de-Calais)	
Poujade	1890		Ferrals (Aude)	
Poujol	1895		à Mende (Lozère)	
Poujol	1879		à Clermont (Hérault)	
Poulain	1889		à Versailles	
Poulet	1877		à Mirebeau-sur-Bèze (Côte-d'Or)	
Poulet	1875		à Nancy	
Poullin	1894		à Versailles	
Poumareou			à Douèra (Alger)	
Poupard	1888		Laval (Mayenne)	
Poupat	1897		à Charost (Cher)	
Poupet	1896		à St-Benin (Nièvre)	
Poupon			à Bourg-St-Maurice (Savoie)	
Poupon	1895		à Dijon (Côte-d'Or)	
Pournin	1875		à Arpajon (Seine-et-Oise)	
Pourtal	1872		à Nîmes (Gard)
