nom	année	notes	adresse	horaires
Jouitteau	1894		St-Laurent-sur-Sèvres (Vendée)	
Joulia	1896		à Tours	
Joüon (F.)	1860	✶	r. Courson, Nantes	
Joüon (L.)	1871		Alger 14, Nantes	
Jouon (Eug.)	1901		Nantes	
Jouon	1892		Nantes	
Jourda			à Muret (Hte-Garonne)	
Jourdain	1893		Andrezieux (Loire)	
Jourdan (X.)			rue de la Bibliothèque 6, Marseille (Bouches-du-Rhône)	
Jourdan (E.)	1876	✶	r. Bibliothèque 8, Marseille	
Jourdan (A.)	1857		rue St-Jacques 68, Marseille	
Jourdan	1890		Thônes (Haute-Savoie)	
Jourdan			b. Louis-Salvator 3, Marseille	
Jourdan du Mazot	1873		Nevers	
Jourdan (Al.)			St-Jacques 68, Marseille	
Jourdan	1872		Vallauris (Alp.-Marit.)	
Jourdan (Maurice)	1895		Marseille	
Jourdan	1899		Clermont-l'Hérault	
Jourdanne			Marolles-lez-Braults(Sarthe)	
Jourdanet			Grenoble (Isère)	
Jourdanet	1898		à St-Martin-Uriage (Isère)	
Jourdin	1895		Pierre-Prudhon 8, Dijon	
Journés			La Bastide-de-Lévis (Tarn)	
Jouslin	1855		Châteauroux (Indre)	
Jousse (E.)	1875		Marcillac-Lanville(Ch.)	
Jousseaulme			Le Hâvre (Seine-Inf.)	
Jousseaume	1897		Mennecry (S.-et-O)	
Jousseaume	1899		S-Cyr (M.-et-L.)	
Jousselin (L.-G.)	1868		Mauzé (D.-S)	
Jousselin	1899		à Bourgueil (I.-et-L.)	
Jousset	1872		à Lille (Nord)	
Jouty			Oran (Algérie)	
Jouve (A.)			Grenade (Hte-Gar.)	
Jouve	1894		à Aramon (Gard)	
Jouve			à Gisors (Eure)	
Jouve			Yssingeaux (Hte-Loire)	
Jouvion	1869		à Merville (Hte-Garonne)	
Joxe	1903		Fere-en-Tardenois (Aisne)	
Joy	1895	✶	à Boulogne (Seine)	
Joyaux (A.)	1866		Croix-Blanche 70, Bordeaux (Gironde)	
Joyes	1894		à Peronne (Somme)	
Joyeux	1895		Bourbonne (Hte-Marne)	
Jubin	1876		Victor-Hugo 40, Lyon	
Juanchuto	1879		Cambo (B.-Pyrénées)	
Jubineau	1883		à Bourneuf (Loire-Inf.)	
Judet de Lacombe	1863		Thiviers(Dor.)	
Judet de Lacombe	1897		id.	
Juéry	1887		Albi (Tarn)	
Juge (Camille)	1896		C. Lieutaud 142, Marseille	
Jugeat	1899		St-Maur (Seine)	
Juguet	1902		à St-Fons (Rhone)	
Juif (P.)	1876		Melisey (Haute-Saône)	
Julia	1887		à Auterive (Hte-Garonne)	
Julia de Roig	1899		av. Malaussena 12, Nice et à Cauterets (Pyr.-H.)	
Jullian			à Bessaye (Drôme)	
Julian (Maurice)	1888		à Beaucaire (G.)	
Julié	1872		St-Etienne (Loire)	
Julg			Beaucourt (Ht-Rhin)	
Julien			Joyeuse (Ardèche)	
Julien	1897		à Bellême (Orne)	
Julien	1894		Fontaine-Française (Côte-d'Or)	
Julien	1886		à Pontgouin (Eure-et-Loir)	
Julien	1893		à Alger	
Jullian	1876		Vif (Isère)	
Julliard	1877		Châtillon-de-Michaill (Ain)	
Julliard	1900		Pouilly (Nièvre)	
Jullié			Barbantane (B.-Rhône)	
Julien			à Tourcoing (Nord)	
Jullien	1892		Bernardin-de-St-Pierre 2, Le Havre	
Jullien (E.)	1892		Sourdon (Somme)	
Jullien	1889		à Pomérols (Hérault)	
Julien-Isay	1903		Pantin (Seine)	
Jully	1898		à Chât.-s.-Seine (Côte-d'Or)	
Jumelais	1897		à Paramé (Ille-et-Vil.)	
Jung			Bourgogne (Marne)	
Junien-Lavillauroy			Cognac (Char.)	
Junin	1888		St-Jean-Liversay (Ch.-Inf.)	
Junot	1893		Hôtel-de-Ville 64, Troyes (Aube)	
Junqua-Lamarcq	1901		Ossun (H.-P.)	
Jupé	1879	✶	Arudy (Basses-Pyrénées)	
Juranville (R.)	1901		Avon (S.-et-M.)	
Jurquet			Boissy-l'Aillerie (S.-et-O.)	
Juteau	1850		Chartres (Eure-et-Loir)	
Jutet (E.)	1889		rue St-Etienne 6, Lyon	
Juvanon			à Mâcon (Saône-et-Loire)	
Juventin	1874	✶	r. Cafferelli, Nice	
Juvigny			La Charité (Nièvre)	
Kaeppelin			Le Puy (Haute-Loire)	
Kahn	1874		St-Etienne (Loire)	
Kaler	1899		Givry-Arg. (Marne)	
Kambouroff (Séb.)			Gryphe 131, Lyon	
Kaminer	1893		Alsace-Lorraine 16, Colombes (Seine)	
Kanazirki	1903		Nîmes (Gard)	
Kandel	1898		à Cornimont (Vosges)	
Kanony			à Tarascon (Ariège)	
Kaplan (J.)			à Vailly (Aisne)	
Kaplan (Léonard)			Pierry (Marne)	
Kaplan	1889		Collonges (Hte-Savoie)	
Kaplan (Mad.)	1893		id.	
Katz	1884	✶	Pontoise (Seine-et-Oise)	
Kauffmann	1900		à Asnières et à Vichy (l'été)	
Kaufmann	1878		Angers (Maine-et-L.)	
Kawalerski	1863		Lodève (Hérault)	
Keating Hart	1895		Marseille (B.-du-R.)
